SALE TYPE,SOLD DATE,PROPERTY TYPE,ADDRESS,CITY,STATE OR PROVINCE,ZIP OR POSTAL CODE,PRICE,BEDS,BATHS,LOCATION,SQUARE FEET,LOT SIZE,YEAR BUILT,DAYS ON MARKET,$/SQUARE FEET,HOA/MONTH,STATUS,NEXT OPEN HOUSE START TIME,NEXT OPEN HOUSE END TIME,URL (SEE http://www.redfin.com/buy-a-home/comparative-market-analysis FOR INFO ON PRICING),SOURCE,MLS#,FAVORITE,INTERESTED,LATITUDE,LONGITUDE
MLS Listing,,Condo/Co-op,400 Beale St #508,San Francisco,CA,94105,699000,1,1.0,San Francisco,694,,2001,4,1007,863,Active,,,http://www.redfin.com/CA/San-Francisco/400-Beale-St-94105/unit-508/home/12399554,San Francisco MLS,421527612,N,Y,37.7869049,-122.3909202
MLS Listing,,Condo/Co-op,545 Ashbury St #2,San Francisco,CA,94117,849000,1,1.0,San Francisco,,2500,1900,14,,338,Active,,,http://www.redfin.com/CA/San-Francisco/545-Ashbury-St-94117/unit-2/home/114072474,San Francisco MLS,421523837,N,Y,37.7702626,-122.4472325
MLS Listing,,Single Family Residential,336 Bradford St,San Francisco,CA,94110,1190000,3,2.0,San Francisco,1450,1572,1927,24,821,,Active,,,http://www.redfin.com/CA/San-Francisco/336-Bradford-St-94110/home/966133,San Francisco MLS,421521361,N,Y,37.7375892,-122.40986
MLS Listing,,Condo/Co-op,5800 3Rd St #1211,San Francisco,CA,94124,680000,1,1.0,Portola District,817,,2010,24,832,432,Active,,,http://www.redfin.com/CA/San-Francisco/5800-3rd-St-94124/unit-1211/home/40625857,"bridgeMLS, Bay East AOR, or Contra Costa AOR",40938478,N,Y,37.7250528,-122.3951255
MLS Listing,,Condo/Co-op,855 Folsom St #510,San Francisco,CA,94107,975000,1,1.5,San Francisco,1030,55687,2001,27,947,635,Active,,,http://www.redfin.com/CA/San-Francisco/855-Folsom-St-94107/unit-510/home/12398153,San Francisco MLS,421520348,N,Y,37.7807672,-122.4021418
MLS Listing,,Condo/Co-op,1635 California St #24,San Francisco,CA,94109,899000,2,2.0,San Francisco,915,,2005,59,983,639,Active,,,http://www.redfin.com/CA/San-Francisco/1635-California-St-94109/unit-24/home/12277015,San Francisco MLS,511753,N,Y,37.7901833,-122.4213456
MLS Listing,,Condo/Co-op,1875 Mission St #406,San Francisco,CA,94103,839000,2,1.0,San Francisco,631,,2014,67,1330,647,Active,,,http://www.redfin.com/CA/San-Francisco/1875-Mission-St-94103/unit-406/home/109315389,San Francisco MLS,511833,N,Y,37.7671013,-122.4194461
MLS Listing,,Condo/Co-op,1370 Hayes St #1372,San Francisco,CA,94117,1450000,4,2.5,San Francisco,1706,,1900,174,850,286,Active,,,http://www.redfin.com/CA/San-Francisco/1370-Hayes-St-94117/unit-1372/home/148065731,San Francisco MLS,506674,N,Y,37.775124,-122.439022
PAST SALE,,Condo/Co-op,1 Buena Vista Ave E Unit 1A,San Francisco,CA,94117,618000,,1.0,,,2495,1950,,,,Off Market,,,http://www.redfin.com/CA/San-Francisco/143-Valmar-Ter-94112/home/1026409,Coming Soon,,N,Y,37.7252771,-122.4245985
MLS Listing,,Single Family Residential,1148 Jamestown Ave,SAN FRANCISCO,CA,94124,998000,4,2.0,SAN FRANCISCO,1810,2500,1973,1,551,,Active,,,http://www.redfin.com/CA/San-Francisco/1148-Jamestown-Ave-94124/home/1396719,MLSListings,ML81834211,N,Y,37.7200175,-122.3958765
MLS Listing,,Multi-Family (2-4 Unit),1941 - 1943 Eddy St,San Francisco,CA,94115,1695000,4,2.0,San Francisco,2186,3436,1962,1,775,,Active,,,http://www.redfin.com/CA/San-Francisco/1941-Eddy-St-94115/home/1683879,San Francisco MLS,421528579,N,Y,37.7803118,-122.4397702
MLS Listing,,Multi-Family (5+ Unit),500 9th Ave,San Francisco,CA,94118,3295000,0,,San Francisco,5106,2000,1922,1,645,,Active,,,http://www.redfin.com/CA/San-Francisco/500-9th-Ave-94118/home/2030996,San Francisco MLS,421526471,N,Y,37.7787446,-122.4671814
MLS Listing,,Single Family Residential,448 Arlington St,San Francisco,CA,94131,1795000,3,1.5,San Francisco,1461,2350,1911,1,1229,,Active,,,http://www.redfin.com/CA/San-Francisco/448-Arlington-St-94131/home/1551542,BAREIS,421528446,N,Y,37.7356004,-122.4291728
MLS Listing,,Multi-Family (5+ Unit),375 14th St,San Francisco,CA,94103,3500000,0,,San Francisco,9284,7200,1925,1,377,,Active,,,http://www.redfin.com/CA/San-Francisco/375-14th-St-94103/home/1710825,San Francisco MLS,421528610,N,Y,37.7679557,-122.4216406
MLS Listing,,Condo/Co-op,351 Buena Vista Ave Unit 702E,San Francisco,CA,94117,1195000,1,1.0,San Francisco,,13515,1987,1,,821,Active,,,http://www.redfin.com/CA/San-Francisco/351-Buena-Vista-Ave-E-94117/unit-702E/home/102813088,San Francisco MLS,421528582,N,Y,37.7675387,-122.4401564
MLS Listing,,Single Family Residential,496 Monterey Blvd,San Francisco,CA,94127,1195000,2,2.0,San Francisco,1240,3000,1922,1,964,,Active,,,http://www.redfin.com/CA/San-Francisco/496-Monterey-Blvd-94127/home/691881,San Francisco MLS,421526596,N,Y,37.7317482,-122.446569
MLS Listing,,Condo/Co-op,20 Inca Ln #3,San Francisco,CA,94115,710000,3,2.0,San Francisco,1050,666,,1,676,959,Active,,,http://www.redfin.com/CA/San-Francisco/20-Inca-Ln-94115/unit-3/home/12401367,San Francisco MLS,421528544,N,Y,37.7834077,-122.4284407
MLS Listing,,Condo/Co-op,1734 Bay St #201,San Francisco,CA,94123,1150000,2,2.0,San Francisco,,7545,1963,1,,908,Active,,,http://www.redfin.com/CA/San-Francisco/1734-Bay-St-94123/unit-201/home/1506850,San Francisco MLS,421528030,N,Y,37.8030989,-122.4355904
MLS Listing,,Single Family Residential,37 Ralston St,San Francisco,CA,94132,997000,2,1.0,San Francisco,1084,2687,1962,1,,,Active,,,http://www.redfin.com/CA/San-Francisco/37-Ralston-St-94132/home/1945580,MetroList,421522918,N,Y,37.7131569,-122.468816
MLS Listing,,Multi-Family (5+ Unit),1016 - 1018 Shotwell St,San Francisco,CA,94110,4595000,12,4.0,San Francisco,8208,5513,1900,1,560,,Active,,,http://www.redfin.com/CA/San-Francisco/1016-Shotwell-St-94110/home/797889,San Francisco MLS,421528040,N,Y,37.7517887,-122.4154232
MLS Listing,,Single Family Residential,1095 Pacheco St,San Francisco,CA,94116,1900000,3,2.5,San Francisco,1740,1598,1959,1,1092,,Active,,,http://www.redfin.com/CA/San-Francisco/1095-Pacheco-St-94116/home/1878216,San Francisco MLS,421528213,N,Y,37.7510078,-122.4716876
MLS Listing,,Single Family Residential,730 Noe St,San Francisco,CA,94114,1395000,2,1.0,San Francisco,1208,1208,1903,1,1155,,Active,,,http://www.redfin.com/CA/San-Francisco/730-Noe-St-94114/home/1502135,San Francisco MLS,421527781,N,Y,37.7573291,-122.4326645
MLS Listing,,Single Family Residential,,San Francisco,CA,94132,1339000,3,3.0,San Francisco,1828,2495,1964,1,732,,Active,,,http://www.redfin.com/CA/San-Francisco/Undisclosed-address-94132/home/825907,San Francisco MLS,421528486,N,Y,37.7185379,-122.4629009
MLS Listing,,Single Family Residential,4020 Noriega St,San Francisco,CA,94122,1028000,3,2.0,San Francisco,1378,2325,1954,1,746,,Active,,,http://www.redfin.com/CA/San-Francisco/4020-Noriega-St-94122/home/1894717,San Francisco MLS,421528436,N,Y,37.7530892,-122.506992
MLS Listing,,Single Family Residential,326 Naples St,San Francisco,CA,94112,899000,4,2.0,San Francisco,1479,2500,1900,1,608,,Active,,,http://www.redfin.com/CA/San-Francisco/326-Naples-St-94112/home/1149990,San Francisco MLS,421528418,N,Y,37.7236292,-122.4294645
MLS Listing,,Condo/Co-op,386 Richland Ave Unit C,San Francisco,CA,94110,749000,1,1.0,San Francisco,789,2675,1900,1,949,230,Active,,,http://www.redfin.com/CA/San-Francisco/386-Richland-Ave-94110/unit-C/home/11743713,San Francisco MLS,421526431,N,Y,37.7354664,-122.4172825
MLS Listing,,Single Family Residential,1606 Vallejo St,San Francisco,CA,94123,4895000,4,3.5,San Francisco,4112,3770,,1,1190,,Active,,,http://www.redfin.com/CA/San-Francisco/1606-Vallejo-St-94123/home/1876987,San Francisco MLS,421527376,N,Y,37.7967318,-122.4242549
MLS Listing,,Condo/Co-op,371 - 375 Haight St #373,San Francisco,CA,94102,1595000,3,2.0,San Francisco,,2021,1900,1,,,Active,,,http://www.redfin.com/CA/San-Francisco/371-Haight-St-94102/unit-373/home/174689734,San Francisco MLS,421523719,N,Y,37.772177,-122.428259
MLS Listing,,Condo/Co-op,401 Harrison St Unit 18B,San Francisco,CA,94105,1799000,2,2.0,San Francisco,1311,,2014,1,1372,1369,Active,,,http://www.redfin.com/CA/San-Francisco/401-Harrison-St-94105/unit-18B/home/110291276,San Francisco MLS,421528410,N,Y,37.7864989,-122.3921487
MLS Listing,,Multi-Family (2-4 Unit),1630 Hyde St,San Francisco,CA,94109-2638,5200000,,,Nob Hill,4830,2809,1904,1,1077,,Active,,,http://www.redfin.com/CA/San-Francisco/1630-Hyde-St-94109/home/1161314,"bridgeMLS, Bay East AOR, or Contra Costa AOR",40939050,N,Y,37.7959761,-122.4180783
MLS Listing,,Single Family Residential,3918 San Bruno Ave,San Francisco,CA,94134,1790000,5,4.0,San Francisco,2806,1796,2010,1,638,,Active,,,http://www.redfin.com/CA/San-Francisco/3918-San-Bruno-Ave-94134/home/28935749,San Francisco MLS,421528393,N,Y,37.7147094,-122.4016958
MLS Listing,,Single Family Residential,81 Oneida Ave,San Francisco,CA,94112,1493000,3,2.0,San Francisco,1703,2495,1939,2,877,,Active,,,http://www.redfin.com/CA/San-Francisco/81-Oneida-Ave-94112/home/817931,San Francisco MLS,421526231,N,Y,37.7206265,-122.4401346
MLS Listing,,Condo/Co-op,250 King St #634,San Francisco,CA,94107,755000,1,1.0,San Francisco,760,213232,2004,2,993,799,Active,,,http://www.redfin.com/CA/San-Francisco/250-King-St-94107/unit-634/home/22889339,San Francisco MLS,421525349,N,Y,37.7776422,-122.3934181
MLS Listing,,Condo/Co-op,1800 Bryant St #104,San Francisco,CA,94110,875000,1,2.0,San Francisco,1045,14972,2000,2,837,550,Active,,,http://www.redfin.com/CA/San-Francisco/1800-Bryant-St-94110/unit-104/home/1125782,San Francisco MLS,421519860,N,Y,37.7640877,-122.4108277
MLS Listing,,Single Family Residential,461 Allison St,San Francisco,CA,94112,829000,2,1.0,San Francisco,925,3219,1962,2,896,,Active,,,http://www.redfin.com/CA/San-Francisco/461-Allison-St-94112/home/1869241,San Francisco MLS,421528175,N,Y,37.7094091,-122.4403043
MLS Listing,,Single Family Residential,200 Naples St,SAN FRANCISCO,CA,94112,1250000,3,2.5,SAN FRANCISCO,2044,2495,1907,2,612,,Active,,,http://www.redfin.com/CA/San-Francisco/200-Naples-St-94112/home/1993920,MLSListings,ML81834024,N,Y,37.7254612,-122.4279484
MLS Listing,,Single Family Residential,2468 Filbert St,San Francisco,CA,94123,5495000,6,5.0,San Francisco,5775,3875,1951,2,952,,Active,,,http://www.redfin.com/CA/San-Francisco/2468-Filbert-St-94123/home/1626813,San Francisco MLS,421528342,N,Y,37.7977645,-122.4401351
MLS Listing,,Single Family Residential,1045 Girard St,San Francisco,CA,94134,1049500,3,2.0,San Francisco,1493,2042,1946,2,703,,Active,,,http://www.redfin.com/CA/San-Francisco/1045-Girard-St-94134/home/1802062,San Francisco MLS,511857,N,Y,37.7196526,-122.4012201
MLS Listing,,Condo/Co-op,360 Guerrero St #417,San Francisco,CA,94103,510000,0,1.0,San Francisco,508,45288,1983,2,1004,544,Active,,,http://www.redfin.com/CA/San-Francisco/360-Guerrero-St-94103/unit-417/home/2004725,San Francisco MLS,421528327,N,Y,37.7654623,-122.4249163
MLS Listing,,Condo/Co-op,300 3rd St #522,San Francisco,CA,94107,699000,1,1.0,San Francisco,871,,1990,2,803,724,Active,,,http://www.redfin.com/CA/San-Francisco/300-3rd-St-94107/unit-522/home/1405698,San Francisco MLS,421522515,N,Y,37.7831802,-122.3990823
MLS Listing,,Condo/Co-op,250 King St #532,San Francisco,CA,94107,765000,1,,San Francisco,716,213232,2004,2,1068,800,Active,,,http://www.redfin.com/CA/San-Francisco/250-King-St-94107/unit-532/home/22889149,San Francisco MLS,421528335,N,Y,37.7776422,-122.3934181
MLS Listing,,Multi-Family (2-4 Unit),518 - 520 Presidio Ave,San Francisco,CA,94115,2088000,4,1.0,San Francisco,2740,2495,1923,2,762,,Active,,,http://www.redfin.com/CA/San-Francisco/518-Presidio-Ave-94115/home/1492161,San Francisco MLS,421527833,N,Y,37.7868747,-122.4464154
MLS Listing,,Condo/Co-op,885 Rhode Island St,San Francisco,CA,94107,1595000,3,2.0,San Francisco,1930,2500,1988,2,826,,Active,,,http://www.redfin.com/CA/San-Francisco/885-Rhode-Island-St-94107/home/148077442,San Francisco MLS,421528041,N,Y,37.7585793,-122.4018059
MLS Listing,,Condo/Co-op,887 Rhode Island St,San Francisco,CA,94107,1495000,2,2.5,San Francisco,1850,2500,1988,2,808,,Active,,,http://www.redfin.com/CA/San-Francisco/887-Rhode-Island-St-94107/home/731719,San Francisco MLS,421528110,N,Y,37.758567,-122.401663
MLS Listing,,Single Family Residential,808 South Van Ness Ave,San Francisco,CA,94110,1895000,3,2.5,San Francisco,2180,1587,1900,2,869,,Active,,,http://www.redfin.com/CA/San-Francisco/808-S-Van-Ness-Ave-94110/home/1479112,San Francisco MLS,421527929,N,Y,37.760106,-122.41727
MLS Listing,,Condo/Co-op,22 Parsons St,San Francisco,CA,94118,1195000,2,2.0,San Francisco,1245,2375,1908,2,960,300,Active,,,http://www.redfin.com/CA/San-Francisco/22-Parsons-St-94118/unit-22/home/69371345,San Francisco MLS,421526770,N,Y,37.7752644,-122.4551429
MLS Listing,,Condo/Co-op,300 Ivy St #513,San Francisco,CA,94102,949000,1,1.0,San Francisco,,,2014,2,,550,Active,,,http://www.redfin.com/CA/San-Francisco/300-Ivy-St-94102/unit-513/home/69054955,San Francisco MLS,421527594,N,Y,37.7774924,-122.4235603
MLS Listing,,Single Family Residential,427 Moraga St,SAN FRANCISCO,CA,94122,1488000,3,2.0,SAN FRANCISCO,1425,2495,1927,2,1044,,Active,,,http://www.redfin.com/CA/San-Francisco/427-Moraga-St-94122/home/1628873,MLSListings,ML81833961,N,Y,37.7563105,-122.4674008
MLS Listing,,Condo/Co-op,1170 Sacramento St Unit 8A,San Francisco,CA,94109,3650000,2,2.5,San Francisco,,2243,1963,2,,2832,Active,,,http://www.redfin.com/CA/San-Francisco/1170-Sacramento-St-94108/unit-8A/home/1514088,San Francisco MLS,421526938,N,Y,37.7929056,-122.4121403
MLS Listing,,Single Family Residential,848 Peralta Ave,San Francisco,CA,94110,1595000,3,3.0,San Francisco,1310,1751,2007,2,1218,,Active,,,http://www.redfin.com/CA/San-Francisco/848-Peralta-Ave-94110/home/12226771,San Francisco MLS,421526363,N,Y,37.7389877,-122.4090968
MLS Listing,,Single Family Residential,1387 41st Ave,San Francisco,CA,94122,1199000,5,4.0,San Francisco,2250,2060,1941,3,533,,Active,,,http://www.redfin.com/CA/San-Francisco/1387-41st-Ave-94122/home/1660564,San Francisco MLS,421528221,N,Y,37.760938,-122.5008548
MLS Listing,,Single Family Residential,67 Richland Ave,San Francisco,CA,94110,1395000,3,1.5,San Francisco,1635,2500,1890,3,853,,Active,,,http://www.redfin.com/CA/San-Francisco/67-Richland-Ave-94110/home/1918389,San Francisco MLS,421527647,N,Y,37.7361999,-122.425048
MLS Listing,,Condo/Co-op,219 Cumberland St #4,San Francisco,CA,94114,750000,1,1.0,San Francisco,690,2889,1964,3,1087,401,Active,,,http://www.redfin.com/CA/San-Francisco/219-Cumberland-St-94114/unit-4/home/22042897,San Francisco MLS,421528132,N,Y,37.7586105,-122.4286521
MLS Listing,,Condo/Co-op,435 China Basin St #213,San Francisco,CA,94158,998000,1,1.0,San Francisco,843,122891,2012,3,1184,815,Active,,,http://www.redfin.com/CA/San-Francisco/435-China-Basin-St-94158/unit-213/home/40629242,San Francisco MLS,421528207,N,Y,37.7715936,-122.3885893
MLS Listing,,Single Family Residential,680 Hamilton St,San Francisco,CA,94134,759000,2,1.0,San Francisco,756,1751,1952,3,1004,,Active,,,http://www.redfin.com/CA/San-Francisco/680-Hamilton-St-94134/home/1488367,San Francisco MLS,421528200,N,Y,37.7226935,-122.4083003
MLS Listing,,Condo/Co-op,400 Spear St #113,San Francisco,CA,94105,1275000,2,2.0,San Francisco,1424,29797,1996,3,895,609,Active,,,http://www.redfin.com/CA/San-Francisco/400-Spear-St-94105/unit-113/home/102813271,San Francisco MLS,421527831,N,Y,37.7884088,-122.3892492
MLS Listing,,Condo/Co-op,460 5th Ave,San Francisco,CA,94118,1699000,3,2.0,San Francisco,1729,3033,2004,3,983,235,Active,,,http://www.redfin.com/CA/San-Francisco/460-5th-Ave-94118/home/1365179,San Francisco MLS,421527940,N,Y,37.779917,-122.462802
MLS Listing,,Condo/Co-op,1 Hawthorne St Unit 23A,San Francisco,CA,94105,1950000,2,2.0,San Francisco,1558,12409,,3,1252,1363,Active,,,http://www.redfin.com/CA/San-Francisco/1-Hawthorne-St-94105/unit-23A/home/50262882,San Francisco MLS,421528174,N,Y,37.7857356,-122.3989521
MLS Listing,,Single Family Residential,722 Girard St,SAN FRANCISCO,CA,94134,1299000,5,3.0,SAN FRANCISCO,2480,3998,1907,3,524,,Active,,,http://www.redfin.com/CA/San-Francisco/722-Girard-St-94134/home/1696152,MLSListings,ML81833897,N,Y,37.7233254,-122.4032115
MLS Listing,,Condo/Co-op,720 York St #102,San Francisco,CA,94110,1295000,1,1.0,San Francisco,1454,,1999,3,891,598,Active,,,http://www.redfin.com/CA/San-Francisco/720-York-St-94110/unit-102/home/12396548,San Francisco MLS,421528038,N,Y,37.7598258,-122.4092029
MLS Listing,,Condo/Co-op,18 Lansing St #403,San Francisco,CA,94105,1859000,2,2.0,San Francisco,1688,10062,1928,3,1101,659,Active,,,http://www.redfin.com/CA/San-Francisco/18-Lansing-St-94105/unit-403/home/12395949,San Francisco MLS,421526773,N,Y,37.7863844,-122.393839
MLS Listing,,Condo/Co-op,403 Main St Unit 816N,San Francisco,CA,94105,950000,1,1.0,San Francisco,862,29037,1997,3,1102,689,Active,,,http://www.redfin.com/CA/San-Francisco/403-Main-St-94105/unit-816N/home/1801130,San Francisco MLS,421527936,N,Y,37.7880767,-122.3896032
MLS Listing,,Multi-Family (2-4 Unit),8137 - 8139 Geary Blvd,San Francisco,CA,94121,1595000,4,,San Francisco,2600,1873,1948,3,613,,Active,,,http://www.redfin.com/CA/San-Francisco/8137-Geary-Blvd-94121/home/1988938,San Francisco MLS,421523732,N,Y,37.7788066,-122.5068077
MLS Listing,,Condo/Co-op,8 Montezuma St,San Francisco,CA,94110,995000,2,1.0,San Francisco,865,1750,1931,3,1150,,Active,,,http://www.redfin.com/CA/San-Francisco/8-Montezuma-St-94110/home/2001196,San Francisco MLS,421527810,N,Y,37.7458372,-122.416895
MLS Listing,,Single Family Residential,56 Cielito Dr,San Francisco,CA,94134,699000,3,1.0,San Francisco,990,1999,1944,3,706,,Active,,,http://www.redfin.com/CA/San-Francisco/56-Cielito-Dr-94134/home/1885854,San Francisco MLS,421527994,N,Y,37.7097209,-122.4221162
MLS Listing,,Single Family Residential,629 Lakeview Ave,San Francisco,CA,94112,969000,3,2.0,San Francisco,1415,2495,1954,3,685,,Active,,,http://www.redfin.com/CA/San-Francisco/629-Lakeview-Ave-94112/home/1850601,San Francisco MLS,421527644,N,Y,37.7181045,-122.4571402
MLS Listing,,Condo/Co-op,10 Kennedy Pl #304,San Francisco,CA,94124,839000,2,2.0,San Francisco,969,,2018,3,866,611,Active,,,http://www.redfin.com/CA/San-Francisco/10-Kennedy-Pl-94124/unit-304/home/173337445,"bridgeMLS, Bay East AOR, or Contra Costa AOR",40941155,N,Y,37.7281091,-122.367719
MLS Listing,,Condo/Co-op,588 Minna St #301,San Francisco,CA,94109,1099000,2,2.0,San Francisco,998,8084,,3,1101,680,Active,,,http://www.redfin.com/CA/San-Francisco/588-Minna-94103/unit-301/home/174684627,San Francisco MLS,421527897,N,Y,37.7790369,-122.4101047
MLS Listing,,Condo/Co-op,280 Spear St Unit 31C,San Francisco,CA,94105,2200000,2,2.0,San Francisco,1297,47916,,3,1696,1284,Active,,,http://www.redfin.com/CA/San-Francisco/280-Spear-St-94105/unit-31C/home/171848540,San Francisco MLS,421527933,N,Y,37.7903739,-122.3913812
MLS Listing,,Condo/Co-op,1812 Pacific Ave,San Francisco,CA,94109,2525000,3,2.5,San Francisco,1829,7686,2009,3,1381,360,Active,,,http://www.redfin.com/CA/San-Francisco/1812-Pacific-Ave-94109/home/21506813,San Francisco MLS,421524358,N,Y,37.7948128,-122.4256762
MLS Listing,,Condo/Co-op,10 Kennedy Pl #108,San Francisco,CA,94124,699000,1,1.0,San Francisco,655,,2018,3,1067,544,Active,,,http://www.redfin.com/CA/San-Francisco/10-Kennedy-Pl-94124/unit-108/home/173337420,"bridgeMLS, Bay East AOR, or Contra Costa AOR",40941123,N,Y,37.7281091,-122.367719
MLS Listing,,Condo/Co-op,1859 Vallejo St #2,San Francisco,CA,94123,1899000,3,2.0,San Francisco,1928,5451,1909,3,985,621,Active,,,http://www.redfin.com/CA/San-Francisco/1859-Vallejo-St-94123/unit-2/home/563457,San Francisco MLS,421527369,N,Y,37.795886,-122.4278208
MLS Listing,,Condo/Co-op,2814 21st St,San Francisco,CA,94110,1389000,3,2.0,San Francisco,1400,2596,1910,3,992,350,Active,,,http://www.redfin.com/CA/San-Francisco/2814-21st-St-94110/home/174683806,San Francisco MLS,421527832,N,Y,37.7576194,-122.410892
MLS Listing,,Condo/Co-op,123 Corwin St Unit B,San Francisco,CA,94114,975000,2,1.0,San Francisco,817,2541,1962,3,1193,196,Active,,,http://www.redfin.com/CA/San-Francisco/123-Corwin-St-94114/unit-B/home/100768863,San Francisco MLS,421527898,N,Y,37.7573582,-122.4407155
MLS Listing,,Multi-Family (2-4 Unit),148 - 152 Fillmore St,San Francisco,CA,94117,2995000,7,3.0,San Francisco,3801,1950,1900,3,788,,Active,,,http://www.redfin.com/CA/San-Francisco/148-Fillmore-St-94117/home/1523427,San Francisco MLS,421527895,N,Y,37.7710169,-122.4299664
MLS Listing,,Condo/Co-op,151 Alice B. Toklas Pl #801,San Francisco,CA,94109,949500,1,1.0,San Francisco,954,25240,1920,3,995,899,Active,,,http://www.redfin.com/CA/San-Francisco/151-Alice-B-Toklas-94109/unit-801/home/999541,San Francisco MLS,421527786,N,Y,37.7850879,-122.420674
MLS Listing,,Condo/Co-op,201 Harrison St #512,San Francisco,CA,94105,499900,0,1.0,San Francisco,,38449,1991,3,,576,Active,,,http://www.redfin.com/CA/San-Francisco/201-Harrison-St-94105/unit-512/home/727665,San Francisco MLS,421526440,N,Y,37.7875875,-122.3904715
MLS Listing,,Condo/Co-op,201 Harrison St #405,San Francisco,CA,94105,648888,1,1.0,San Francisco,544,38449,1991,3,1193,627,Active,,,http://www.redfin.com/CA/San-Francisco/201-Harrison-St-94105/unit-405/home/1264012,San Francisco MLS,421526368,N,Y,37.7875875,-122.3904715
MLS Listing,,Condo/Co-op,338 Potrero Ave #801,San Francisco,CA,94103,849000,1,1.0,San Francisco,,11250,2017,3,,636,Active,,,http://www.redfin.com/CA/San-Francisco/338-Potrero-Ave-94103/unit-801/home/144063909,San Francisco MLS,421525876,N,Y,37.7651395,-122.4078164
MLS Listing,,Condo/Co-op,588 Minna St #203,San Francisco,CA,94109,699000,1,1.0,San Francisco,644,8084,2021,3,1085,556,Active,,,http://www.redfin.com/CA/San-Francisco/588-Minna-St-94103/unit-203/home/169632443,San Francisco MLS,421527836,N,Y,37.7790369,-122.4101047
MLS Listing,,Single Family Residential,437 Ellsworth St,San Francisco,CA,94110,2350000,3,3.5,San Francisco,,1750,,3,,,Active,,,http://www.redfin.com/CA/San-Francisco/437-Ellsworth-St-94110/home/2001228,San Francisco MLS,421520019,N,Y,37.7379374,-122.4144839
MLS Listing,,Condo/Co-op,1800 Washington St #317,San Francisco,CA,94109,825000,1,1.0,San Francisco,740,38432,2001,3,1115,739,Active,,,http://www.redfin.com/CA/San-Francisco/1800-Washington-St-94109/unit-317/home/987437,San Francisco MLS,421526900,N,Y,37.7934317,-122.4234277
MLS Listing,,Condo/Co-op,388 Fulton St #211,SAN FRANCISCO,CA,94102,895000,2,1.0,SAN FRANCISCO,714,,2016,3,1254,638,Active,,,http://www.redfin.com/CA/San-Francisco/388-Fulton-St-94102/unit-211/home/109688253,MLSListings,ML81833778,N,Y,37.7790409,-122.4231102
MLS Listing,,Single Family Residential,1502 Shotwell St,San Francisco,CA,94110,2695000,3,2.0,San Francisco,2335,4200,1909,3,1154,,Active,,,http://www.redfin.com/CA/San-Francisco/1502-Shotwell-St-94110/home/1759761,San Francisco MLS,421527593,N,Y,37.744687,-122.415059
MLS Listing,,Single Family Residential,1390 Hampshire St,SAN FRANCISCO,CA,94110,1450000,3,1.0,SAN FRANCISCO,1217,2596,1926,3,1191,,Active,,,http://www.redfin.com/CA/San-Francisco/1390-Hampshire-St-94110/home/1911857,MLSListings,ML81833777,N,Y,37.750045,-122.407296
MLS Listing,,Condo/Co-op,701 - 1 Hampshire St,San Francisco,CA,94110,625000,1,1.0,San Francisco,600,,1960,3,1042,450,Active,,,http://www.redfin.com/CA/San-Francisco/701-Hampshire-St-94110/unit-102/home/1518942,San Francisco MLS,421527779,N,Y,37.7603979,-122.4078827
MLS Listing,,Condo/Co-op,2900 Pierce St #4,San Francisco,CA,94123,1395000,2,2.0,San Francisco,1131,3000,1914,3,1233,397,Active,,,http://www.redfin.com/CA/San-Francisco/2900-Pierce-St-94123/unit-4/home/26768399,San Francisco MLS,421527751,N,Y,37.7969221,-122.4386769
MLS Listing,,Condo/Co-op,10 Innes Ct #203,San Francisco,CA,94124,939000,3,2.0,San Francisco,1223,,2018,3,768,676,Active,,,http://www.redfin.com/CA/San-Francisco/10-Innes-Ct-94124/unit-203/home/166705157,"bridgeMLS, Bay East AOR, or Contra Costa AOR",40941075,N,Y,37.7280682,-122.3679965
MLS Listing,,Single Family Residential,1851 Newhall St,San Francisco,CA,94124,959000,3,2.0,San Francisco,1556,2665,1946,3,616,,Active,,,http://www.redfin.com/CA/San-Francisco/1851-Newhall-St-94124/home/1122174,San Francisco MLS,421527752,N,Y,37.7322721,-122.3950357
MLS Listing,,Condo/Co-op,1942 Buchanan St,San Francisco,CA,94115,1395000,2,1.0,San Francisco,1480,1851,1904,3,943,866,Active,,,http://www.redfin.com/CA/San-Francisco/1942-Buchanan-St-94115/home/1268842,San Francisco MLS,421524357,N,Y,37.788038,-122.430024
MLS Listing,,Single Family Residential,2 Castenada Ave,San Francisco,CA,94116,3995000,4,3.5,San Francisco,,9273,1926,3,,133,Active,,,http://www.redfin.com/CA/San-Francisco/2-Castenada-Ave-94116/home/683247,San Francisco MLS,421526309,N,Y,37.75074,-122.4624033
MLS Listing,,Condo/Co-op,2248 Mason St,San Francisco,CA,94133,1095000,2,1.0,San Francisco,930,2622,1912,3,1177,541,Active,,,http://www.redfin.com/CA/San-Francisco/2248-Mason-St-94133/home/44581809,San Francisco MLS,421524783,N,Y,37.8044351,-122.4131095
MLS Listing,,Single Family Residential,,San Francisco,CA,94112,950000,2,2.0,Ingelside,1758,2809,1922,3,540,,Active,,,http://www.redfin.com/CA/San-Francisco/Undisclosed-address-94112/home/1481153,"bridgeMLS, Bay East AOR, or Contra Costa AOR",40940323,N,Y,37.7206389,-122.4538672
MLS Listing,,Single Family Residential,1 Dalewood Way,San Francisco,CA,94127,1695000,3,3.0,San Francisco,1710,2922,1951,3,991,,Active,,,http://www.redfin.com/CA/San-Francisco/1-Dalewood-Way-94127/home/688652,San Francisco MLS,421527728,N,Y,37.7367425,-122.4541768
MLS Listing,,Single Family Residential,1459 18th Ave,San Francisco,CA,94122,2298000,5,4.5,San Francisco,3100,2983,1926,3,741,,Active,,,http://www.redfin.com/CA/San-Francisco/1459-18th-Ave-94122/home/1812892,San Francisco MLS,421526566,N,Y,37.7606365,-122.4761016
MLS Listing,,Condo/Co-op,228 Liberty St,San Francisco,CA,94114,1995000,3,2.0,San Francisco,1845,2500,1938,3,1081,350,Active,,,http://www.redfin.com/CA/San-Francisco/228-Liberty-St-94114/home/973838,San Francisco MLS,421526598,N,Y,37.7576259,-122.4264981
MLS Listing,,Single Family Residential,774 Joost Ave,San Francisco,CA,94127,1250000,2,1.0,San Francisco,1260,2500,1913,3,992,,Active,,,http://www.redfin.com/CA/San-Francisco/774-Joost-Ave-94127/home/690999,San Francisco MLS,421526943,N,Y,37.732542,-122.452858
MLS Listing,,Townhouse,28 Perego Ter #3,San Francisco,CA,94131,1095000,2,2.0,San Francisco,1414,6979,1962,3,774,195,Active,,,http://www.redfin.com/CA/San-Francisco/28-Perego-Ter-94131/unit-3/home/1316513,San Francisco MLS,421526219,N,Y,37.7500767,-122.4447316
MLS Listing,,Single Family Residential,3817 Folsom St,San Francisco,CA,94110,1350000,3,,San Francisco,,1751,1923,3,,,Active,,,http://www.redfin.com/CA/San-Francisco/3817-Folsom-St-94110/unit-3817A/home/1583514,San Francisco MLS,421527627,N,Y,37.7386924,-122.4131786
MLS Listing,,Single Family Residential,224 Upper Ter,San Francisco,CA,94117,4295000,4,3.5,San Francisco,3125,2474,,3,1374,,Active,,,http://www.redfin.com/CA/San-Francisco/224-Upper-Ter-94117/home/2031486,San Francisco MLS,421526609,N,Y,37.7635081,-122.4448469
MLS Listing,,Condo/Co-op,54 San Jose Ave,San Francisco,CA,94110,799000,1,1.0,San Francisco,782,3512,1920,3,1022,200,Active,,,http://www.redfin.com/CA/San-Francisco/54-San-Jose-Ave-94110/home/12277265,San Francisco MLS,421523746,N,Y,37.75429,-122.4217093
MLS Listing,,Single Family Residential,700 Grand View Ave,San Francisco,CA,94114,1749000,2,2.5,San Francisco,1800,1400,1980,3,972,,Active,,,http://www.redfin.com/CA/San-Francisco/700-Grand-View-Ave-94114/home/681151,San Francisco MLS,421522189,N,Y,37.7490359,-122.442829
MLS Listing,,Single Family Residential,131 Wilmot St,San Francisco,CA,94115,1688000,2,2.5,San Francisco,,757,1900,3,,,Active,,,http://www.redfin.com/CA/San-Francisco/131-Wilmot-St-94115/home/1498661,San Francisco MLS,421521377,N,Y,37.7872697,-122.4348363
MLS Listing,,Condo/Co-op,2415 Van Ness Ave #306,San Francisco,CA,94109,695000,1,1.0,San Francisco,566,5520,1926,3,1228,650,Active,,,http://www.redfin.com/CA/San-Francisco/2415-Van-Ness-Ave-94109/unit-306/home/1425918,San Francisco MLS,421516616,N,Y,37.7978846,-122.4242425
MLS Listing,,Condo/Co-op,950 Tennessee St #321,San Francisco,CA,94107,1149000,1,1.0,San Francisco,902,,2020,3,1274,544,Active,,,http://www.redfin.com/CA/San-Francisco/950-Tennessee-St-94107/unit-321/home/171028714,San Francisco MLS,421527457,N,Y,37.7596747,-122.3898245
MLS Listing,,Condo/Co-op,950 Tennessee St #119,San Francisco,CA,94107,619000,0,1.0,San Francisco,460,,2020,3,1346,435,Active,,,http://www.redfin.com/CA/San-Francisco/950-Tennessee-St-94107/unit-119/home/174673039,San Francisco MLS,421527456,N,Y,37.7596747,-122.3898245
MLS Listing,,Condo/Co-op,950 Tennessee St #112,San Francisco,CA,94107,609800,0,1.0,San Francisco,460,,2020,3,1326,435,Active,,,http://www.redfin.com/CA/San-Francisco/950-Tennessee-St-94107/unit-112/home/174673038,San Francisco MLS,421527372,N,Y,37.7596747,-122.3898245
MLS Listing,,Condo/Co-op,441 Waller St,San Francisco,CA,94117,1295000,3,1.5,San Francisco,1421,1870,1900,4,911,298,Active,,,http://www.redfin.com/CA/San-Francisco/441-Waller-St-94117/home/103968002,San Francisco MLS,421526492,N,Y,37.7710125,-122.4309724
MLS Listing,,Single Family Residential,1370 28th Ave,San Francisco,CA,94122,1995000,5,3.5,San Francisco,2768,2996,1924,4,721,,Active,,,http://www.redfin.com/CA/San-Francisco/1370-28th-Ave-94122/home/1119231,San Francisco MLS,421527458,N,Y,37.7618535,-122.4863713
MLS Listing,,Single Family Residential,26 Presidio Ter,San Francisco,CA,94118,14500000,6,8.0,San Francisco,9405,10284,1909,4,1542,724,Active,,,http://www.redfin.com/CA/San-Francisco/26-Presidio-Ter-94118/home/1899364,San Francisco MLS,421526366,N,Y,37.7876461,-122.4601477
MLS Listing,,Single Family Residential,1447 Hudson Ave,San Francisco,CA,94124,1395000,4,3.0,San Francisco,2024,2996,1939,4,689,,Active,,,http://www.redfin.com/CA/San-Francisco/1447-Hudson-Ave-94124/home/748069,San Francisco MLS,421526590,N,Y,37.7382327,-122.3855997
MLS Listing,,Single Family Residential,1863 40th Ave,San Francisco,CA,94122,1095000,2,1.0,San Francisco,1324,2996,1951,4,,,Active,,,http://www.redfin.com/CA/San-Francisco/1863-40th-Ave-94122/home/1315556,MetroList,421524751,N,Y,37.7520652,-122.4991381
MLS Listing,,Single Family Residential,122 Avila,San Francisco,CA,94123,4000000,3,2.5,San Francisco,2760,2496,,4,1449,,Active,,,http://www.redfin.com/CA/San-Francisco/122-Avila-St-94123/home/1171248,San Francisco MLS,421526197,N,Y,37.8016565,-122.4403899
MLS Listing,,Condo/Co-op,672 Clipper St #2,San Francisco,CA,94114,1985000,3,3.0,San Francisco,2103,2946,2000,4,944,283,Active,,,http://www.redfin.com/CA/San-Francisco/672-Clipper-St-94114/unit-2/home/1907983,San Francisco MLS,421527132,N,Y,37.748887,-122.4393972
MLS Listing,,Single Family Residential,1457 23rd Ave,San Francisco,CA,94122,1349000,3,1.0,San Francisco,1385,3000,,4,974,,Active,,,http://www.redfin.com/CA/San-Francisco/1457-23rd-Ave-94122/home/630466,San Francisco MLS,421527374,N,Y,37.7604363,-122.4815516
MLS Listing,,Condo/Co-op,601 Van Ness Ave #424,San Francisco,CA,94102,649000,1,1.0,San Francisco,834,105806,1982,4,778,940,Active,,,http://www.redfin.com/CA/San-Francisco/601-Van-Ness-Ave-94102/unit-424/home/1546540,San Francisco MLS,421527514,N,Y,37.7813857,-122.4214063
MLS Listing,,Condo/Co-op,1312 California St,San Francisco,CA,94109,1395000,3,2.0,San Francisco,1479,,1911,4,943,400,Active,,,http://www.redfin.com/CA/San-Francisco/1312-California-St-94109/home/1304416,San Francisco MLS,512064,N,Y,37.791374,-122.416141
MLS Listing,,Multi-Family (2-4 Unit),767 - 771 Pine St,San Francisco,CA,94108,3495000,9,7.5,San Francisco,4605,1376,1909,4,759,,Active,,,http://www.redfin.com/CA/San-Francisco/767-Pine-St-94108/home/553515,San Francisco MLS,421526907,N,Y,37.7909713,-122.4084739
MLS Listing,,Single Family Residential,631 Shotwell St,San Francisco,CA,94110,925000,3,1.5,San Francisco,1350,1999,1900,4,685,,Active,,,http://www.redfin.com/CA/San-Francisco/631-Shotwell-St-94110/home/712970,San Francisco MLS,421527367,N,Y,37.7583296,-122.4155016
MLS Listing,,Single Family Residential,3675 Clay St,San Francisco,CA,94118,5250000,4,4.0,San Francisco,5003,3881,1904,4,1049,,Active,,,http://www.redfin.com/CA/San-Francisco/3675-Clay-St-94118/home/586356,San Francisco MLS,421526166,N,Y,37.7880387,-122.4532986
MLS Listing,,Condo/Co-op,555 Golden Gate Ave Unit 2C,San Francisco,CA,94102,948000,2,2.0,San Francisco,912,,2020,4,1039,632,Active,,,http://www.redfin.com/CA/San-Francisco/555-Golden-Gate-Ave-94102/unit-2C/home/174668319,San Francisco MLS,421526920,N,Y,37.7808655,-122.4196054
MLS Listing,,Condo/Co-op,555 Golden Gate Ave Unit 1A,San Francisco,CA,94102,649000,1,1.0,San Francisco,568,,2021,4,1143,553,Active,,,http://www.redfin.com/CA/San-Francisco/555-Golden-Gate-Ave-94102/unit-1A/home/174668298,San Francisco MLS,421527363,N,Y,37.7808655,-122.4196054
MLS Listing,,Condo/Co-op,225 Arkansas St,San Francisco,CA,94107,899000,2,1.0,San Francisco,1025,,1900,4,877,,Active,,,http://www.redfin.com/CA/San-Francisco/225-Arkansas-St-94107/home/1965837,San Francisco MLS,421526935,N,Y,37.7632217,-122.3983105
MLS Listing,,Condo/Co-op,225 - 1/2 Arkansas St,San Francisco,CA,94107,1150000,2,1.0,San Francisco,1145,,1900,4,1004,,Active,,,http://www.redfin.com/CA/San-Francisco/1-Arkansas-St-94107/home/173950935,San Francisco MLS,421526936,N,Y,37.7660962,-122.3984986
MLS Listing,,Condo/Co-op,666 Post St #603,San Francisco,CA,94109,699000,1,1.0,San Francisco,831,3783,1926,4,841,864,Active,,,http://www.redfin.com/CA/San-Francisco/666-Post-St-94109/unit-603/home/12400468,San Francisco MLS,512628,N,Y,37.7879056,-122.4129007
MLS Listing,,Single Family Residential,1495 11th Ave,San Francisco,CA,94122,2995000,5,5.0,San Francisco,3450,1376,,4,868,,Active,,,http://www.redfin.com/CA/San-Francisco/1495-11th-Ave-94122/home/1052033,San Francisco MLS,421523070,N,Y,37.7603583,-122.4684254
MLS Listing,,Condo/Co-op,1868 Van Ness Ave #502,San Francisco,CA,94109,1450000,2,2.0,San Francisco,1105,9202,2017,4,1312,745,Active,,,http://www.redfin.com/CA/San-Francisco/1868-Van-Ness-Ave-94109/unit-502/home/167259013,San Francisco MLS,421526670,N,Y,37.7929464,-122.422437
MLS Listing,,Single Family Residential,9 Vista View Ct,San Francisco,CA,94124,799000,2,2.0,San Francisco,1301,1512,1986,4,614,426,Active,,,http://www.redfin.com/CA/San-Francisco/9-Vistaview-Ct-94124/home/750415,San Francisco MLS,421526905,N,Y,37.7335509,-122.3951948
MLS Listing,,Multi-Family (2-4 Unit),261 - 263 Cumberland St,San Francisco,CA,94114,1995000,4,3.0,San Francisco,3244,2848,,4,615,,Active,,,http://www.redfin.com/CA/San-Francisco/261-Cumberland-St-94114/home/1613139,San Francisco MLS,421526222,N,Y,37.7585637,-122.4294274
MLS Listing,,Condo/Co-op,565 14th St #1,San Francisco,CA,94103,1195000,2,1.0,San Francisco,,,1924,4,,394,Active,,,http://www.redfin.com/CA/San-Francisco/565-14th-St-94103/unit-1/home/1286061,San Francisco MLS,421526922,N,Y,37.7677142,-122.4257421
MLS Listing,,Condo/Co-op,3110 California St Unit 2A,San Francisco,CA,94115,1350000,3,2.0,San Francisco,1369,4000,2004,4,986,713,Active,,,http://www.redfin.com/CA/San-Francisco/3110-California-St-94115/unit-2-A/home/171943523,San Francisco MLS,421524717,N,Y,37.7876266,-122.4458433
MLS Listing,,Single Family Residential,129 Cresta Vista Dr,San Francisco,CA,94127,1988000,4,3.0,San Francisco,2400,2700,1988,5,828,,Active,,,http://www.redfin.com/CA/San-Francisco/129-Cresta-Vista-Dr-94127/home/1773594,San Francisco MLS,421526940,N,Y,37.7356514,-122.4568748
MLS Listing,,Condo/Co-op,2042 Grove St,San Francisco,CA,94117,1599000,3,1.0,San Francisco,1704,3421,1925,5,938,200,Active,,,http://www.redfin.com/CA/San-Francisco/2042-Grove-St-94117/home/12277447,San Francisco MLS,421516878,N,Y,37.77465,-122.450268
MLS Listing,,Condo/Co-op,53 Prospect Ave,San Francisco,CA,94110,799000,2,1.0,San Francisco,875,1735,1900,5,913,,Active,,,http://www.redfin.com/CA/San-Francisco/53-Prospect-Ave-94110/home/21966154,San Francisco MLS,421526430,N,Y,37.7440147,-122.4180966
MLS Listing,,Condo/Co-op,301 Mission St Unit 5C,SAN FRANCISCO,CA,94105,920000,1,1.0,SAN FRANCISCO,833,,2009,5,1104,1547,Active,,,http://www.redfin.com/CA/San-Francisco/301-Mission-St-94105/unit-5C/home/40142377,MLSListings,ML81833472,N,Y,37.7903824,-122.3961531
MLS Listing,,Condo/Co-op,74 New Montgomery St #203,San Francisco,CA,94105,595000,1,1.0,San Francisco,592,17865,1914,5,1005,869,Active,,,http://www.redfin.com/CA/San-Francisco/74-New-Montgomery-St-94105/unit-203/home/17305587,San Francisco MLS,421526908,N,Y,37.7874578,-122.4013098
MLS Listing,,Condo/Co-op,1483 Sutter St #423,San Francisco,CA,94109,585000,0,1.0,San Francisco,530,48636,1993,5,1104,672,Active,,,http://www.redfin.com/CA/San-Francisco/1483-Sutter-St-94109/unit-423/home/1587427,San Francisco MLS,421526904,N,Y,37.7867158,-122.4242025
MLS Listing,,Condo/Co-op,301 Mission St Unit 24D,SAN FRANCISCO,CA,94105,859950,1,1.0,SAN FRANCISCO,789,,2009,5,1090,1535,Active,,,http://www.redfin.com/CA/San-Francisco/301-Mission-St-94105/unit-24D/home/40138780,MLSListings,ML81833459,N,Y,37.7903824,-122.3961531
MLS Listing,,Condo/Co-op,821 Folsom St #401,San Francisco,CA,94107,699000,1,1.0,San Francisco,652,28875,2004,5,1072,510,Active,,,http://www.redfin.com/CA/San-Francisco/821-Folsom-St-94107/unit-401/home/12401856,San Francisco MLS,421525814,N,Y,37.7813849,-122.4013601
MLS Listing,,Condo/Co-op,3139 Gough St,San Francisco,CA,94123,2995000,4,2.5,San Francisco,2202,2812,1923,5,1360,577,Active,,,http://www.redfin.com/CA/San-Francisco/3139-Gough-St-94123/home/55244628,San Francisco MLS,421524443,N,Y,37.802391,-122.428447
MLS Listing,,Single Family Residential,2214 35th Ave,San Francisco,CA,94116,1195000,2,1.0,San Francisco,1200,2247,1938,5,996,,Active,,,http://www.redfin.com/CA/San-Francisco/2214-35th-Ave-94116/home/1612104,BAREIS,421526910,N,Y,37.7456965,-122.4928174
MLS Listing,,Single Family Residential,90 Byxbee St,San Francisco,CA,94132,1098888,2,1.0,Merced Heights,1165,2495,1940,5,943,,Active,,,http://www.redfin.com/CA/San-Francisco/90-Byxbee-St-94132/home/1728883,"bridgeMLS, Bay East AOR, or Contra Costa AOR",40938997,N,Y,37.7159206,-122.4695909
MLS Listing,,Single Family Residential,3837 18th St,San Francisco,CA,94114,2495000,3,3.0,San Francisco,2081,2848,1900,5,1199,,Active,,,http://www.redfin.com/CA/San-Francisco/3837-18th-St-94114/home/1939104,San Francisco MLS,421526318,N,Y,37.7609939,-122.429206
MLS Listing,,Single Family Residential,25 Vasquez Ave,San Francisco,CA,94127,1649000,3,1.0,San Francisco,1518,3998,1923,5,1086,,Active,,,http://www.redfin.com/CA/San-Francisco/25-Vasquez-Ave-94127/home/682413,San Francisco MLS,512013,N,Y,37.7460526,-122.4573912
MLS Listing,,Single Family Residential,357 Vicente St,SAN FRANCISCO,CA,94127,3499000,5,4.5,SAN FRANCISCO,3965,2765,1986,5,882,,Active,,,http://www.redfin.com/CA/San-Francisco/357-Vicente-St-94127/home/670648,MLSListings,ML81833400,N,Y,37.7393256,-122.4709387
MLS Listing,,Single Family Residential,2338 46th Ave,San Francisco,CA,94116,1195000,2,1.0,San Francisco,1175,2996,1928,5,1017,,Active,,,http://www.redfin.com/CA/San-Francisco/2338-46th-Ave-94116/home/1905053,San Francisco MLS,421526057,N,Y,37.7428971,-122.5044415
MLS Listing,,Multi-Family (2-4 Unit),2924 Fillmore St,San Francisco,CA,94123,2950000,4,2.0,San Francisco,3106,2622,1910,5,950,,Active,,,http://www.redfin.com/CA/San-Francisco/2924-Fillmore-St-94123/home/1538789,San Francisco MLS,421526901,N,Y,37.7965823,-122.4351135
MLS Listing,,Single Family Residential,405 Beacon St,San Francisco,CA,94131-2207,1899900,3,2.0,San Francisco,1309,4183,1970,5,1451,,Active,,,http://www.redfin.com/CA/San-Francisco/405-Beacon-St-94131/home/1086259,"bridgeMLS, Bay East AOR, or Contra Costa AOR",40940700,N,Y,37.7415848,-122.4346286
MLS Listing,,Condo/Co-op,1731 Larkin #3,San Francisco,CA,94901,1449000,2,2.0,Nob Hill,1084,,1908,5,1337,475,Active,,,http://www.redfin.com/CA/San-Francisco/1731-Larkin-St-94109/unit-3/home/148073246,"bridgeMLS, Bay East AOR, or Contra Costa AOR",40940699,N,Y,37.7938381,-122.4200106
MLS Listing,,Condo/Co-op,223 Sanchez St,San Francisco,CA,94114,1350000,2,2.0,San Francisco,1165,3125,1900,5,1159,307,Active,,,http://www.redfin.com/CA/San-Francisco/223-Sanchez-St-94114/home/706699,San Francisco MLS,421526894,N,Y,37.7654547,-122.4306297
MLS Listing,,Condo/Co-op,3525 16th St,San Francisco,CA,94114,1695000,3,3.0,San Francisco,1600,2587,1938,5,1059,250,Active,,,http://www.redfin.com/CA/San-Francisco/3525-16th-St-94114/home/1985670,San Francisco MLS,421526540,N,Y,37.764085,-122.431476
MLS Listing,,Condo/Co-op,1650 Broadway #304,San Francisco,CA,94109,1595000,2,2.0,San Francisco,1160,13547,2016,5,1375,1094,Active,,,http://www.redfin.com/CA/San-Francisco/1650-Broadway-94109/unit-304/home/101683268,San Francisco MLS,421524677,N,Y,37.7959245,-122.424407
MLS Listing,,Single Family Residential,1318 - 1320 23rd Ave,San Francisco,CA,94122,1499000,4,2.5,San Francisco,,2996,1923,5,,,Active,,,http://www.redfin.com/CA/San-Francisco/1318-23rd-Ave-94122/home/1812881,San Francisco MLS,421526565,N,Y,37.7629787,-122.4811306
MLS Listing,,Single Family Residential,1400 York St,San Francisco,CA,94110,1600000,4,3.5,San Francisco,2115,1875,1922,5,757,,Active,,,http://www.redfin.com/CA/San-Francisco/1400-York-St-94110/home/1213242,San Francisco MLS,510858,N,Y,37.7495286,-122.4081233
MLS Listing,,Vacant Land,700 Jamestown Ave,San Francisco,CA,94124,500000,0,,San Francisco,,2500,,6,,,Active,,,http://www.redfin.com/CA/San-Francisco/700-Jamestown-Ave-94124/home/22045301,San Francisco MLS,421526732,N,Y,37.7147392,-122.3888916
MLS Listing,,Single Family Residential,2750 Cabrillo St,San Francisco,CA,94121,2450000,5,5.5,San Francisco,4800,2696,,6,510,,Active,,,http://www.redfin.com/CA/San-Francisco/2750-Cabrillo-St-94121/unit-V/home/110055158,San Francisco MLS,421526754,N,Y,37.7745127,-122.4884257
MLS Listing,,Condo/Co-op,708 Long Bridge St #708,San Francisco,CA,94158,1658000,2,2.0,City,1243,84866,2016,6,1334,1180,Active,,,http://www.redfin.com/CA/San-Francisco/708-Long-Bridge-St-94158/unit-708/home/109464819,"bridgeMLS, Bay East AOR, or Contra Costa AOR",40940630,N,Y,37.7720304,-122.3935768
MLS Listing,,Condo/Co-op,3315 Fillmore St #401,San Francisco,CA,94123,1050000,1,1.0,San Francisco,960,6640,1992,6,1094,656,Active,,,http://www.redfin.com/CA/San-Francisco/3315-Fillmore-St-94123/unit-401/home/1348450,San Francisco MLS,421525611,N,Y,37.8001022,-122.4364134
MLS Listing,,Condo/Co-op,601 Van Ness Ave #1045,San Francisco,CA,94102,830000,2,2.0,San Francisco,894,105806,1982,6,928,1040,Active,,,http://www.redfin.com/CA/San-Francisco/601-Van-Ness-Ave-94102/unit-1045/home/1523287,San Francisco MLS,421526375,N,Y,37.7813857,-122.4214063
MLS Listing,,Condo/Co-op,1221 Harrison St #25,San Francisco,CA,94103,925000,1,2.0,San Francisco,1404,,2004,6,659,739,Active,,,http://www.redfin.com/CA/San-Francisco/1221-Harrison-St-94103/unit-25/home/22898536,San Francisco MLS,512322,N,Y,37.7731031,-122.4086736
MLS Listing,,Multi-Family (5+ Unit),301 Lyon St,San Francisco,CA,94117,3400000,2,,San Francisco,8498,3125,1902,6,400,,Active,,,http://www.redfin.com/CA/San-Francisco/301-Lyon-St-94117/home/28891002,San Francisco MLS,421526642,N,Y,37.7736435,-122.4428194
MLS Listing,,Single Family Residential,1326 Diamond St,San Francisco,CA,94131,1288000,2,1.0,San Francisco,1025,1999,1940,6,1257,,Active,,,http://www.redfin.com/CA/San-Francisco/1326-Diamond-St-94131/home/802383,San Francisco MLS,421526597,N,Y,37.7467339,-122.436155
MLS Listing,,Single Family Residential,118 Hamerton Ave,SAN FRANCISCO,CA,94131,950000,3,1.0,SAN FRANCISCO,1063,2495,1943,6,894,,Active,,,http://www.redfin.com/CA/San-Francisco/118-Hamerton-Ave-94131/home/811184,MLSListings,ML81833182,N,Y,37.7338511,-122.4378879
MLS Listing,,Condo/Co-op,167 7th Ave,San Francisco,CA,94118,1195000,3,1.5,San Francisco,1365,2946,1908,6,875,,Active,,,http://www.redfin.com/CA/San-Francisco/167-7th-Ave-94118/home/52059219,San Francisco MLS,421517206,N,Y,37.7853718,-122.4659303
MLS Listing,,Condo/Co-op,614 Natoma St Unit 616A,San Francisco,CA,94103,1095000,5,3.5,San Francisco,1508,1875,1906,6,726,,Active,,,http://www.redfin.com/CA/San-Francisco/614-Natoma-St-94103/unit-616A/home/174651587,San Francisco MLS,421526364,N,Y,37.7781643,-122.4105864
MLS Listing,,Single Family Residential,1072 Noe St,San Francisco,CA,94114,5500000,4,5.5,San Francisco,,2678,1900,6,,,Active,,,http://www.redfin.com/CA/San-Francisco/1072-Noe-St-94114/home/1247363,San Francisco MLS,421516154,N,Y,37.7518339,-122.4322365
MLS Listing,,Condo/Co-op,601 Van Ness Ave #507,San Francisco,CA,94102,475000,1,1.0,San Francisco,583,,1982,7,815,820,Active,,,http://www.redfin.com/CA/San-Francisco/601-Van-Ness-Ave-94102/unit-507/home/1948232,"bridgeMLS, Bay East AOR, or Contra Costa AOR",40940541,N,Y,37.7813857,-122.4214063
MLS Listing,,Single Family Residential,2582 19th Ave,San Francisco,CA,94116,998000,3,,San Francisco,1656,2475,1932,7,603,,Active,,,http://www.redfin.com/CA/San-Francisco/2582-19th-Ave-94116/home/1453704,San Francisco MLS,421519798,N,Y,37.73969,-122.475094
MLS Listing,,Multi-Family (5+ Unit),3362 - 3372 24th St,San Francisco,CA,94110,3380000,6,,San Francisco,8060,4369,1900,7,419,,Active,,,http://www.redfin.com/CA/San-Francisco/3362-24th-St-94110/home/1890166,San Francisco MLS,421526477,N,Y,37.7523282,-122.4199794
MLS Listing,,Condo/Co-op,555 Fulton St #223,San Francisco,CA,94102,729000,1,1.0,San Francisco,716,,,7,1018,680,Active,,,http://www.redfin.com/CA/San-Francisco/555-Fulton-St-94102/unit-223/home/88572560,San Francisco MLS,421526472,N,Y,37.7781581,-122.4261091
MLS Listing,,Multi-Family (2-4 Unit),1116 - 1118 Stanyan St,San Francisco,CA,94117,2195000,6,,San Francisco,3100,2705,1909,7,708,,Active,,,http://www.redfin.com/CA/San-Francisco/1116-Stanyan-St-94117/home/1942875,San Francisco MLS,421521933,N,Y,37.7640944,-122.4521759
MLS Listing,,Multi-Family (2-4 Unit),1021 - 1023 Noe St,San Francisco,CA,94114,2999000,6,2.5,San Francisco,4164,3171,1910,7,720,,Active,,,http://www.redfin.com/CA/San-Francisco/1021-Noe-St-94114/home/2008664,San Francisco MLS,421526434,N,Y,37.7526751,-122.4316263
MLS Listing,,Single Family Residential,333 Diamond St,San Francisco,CA,94114,6500000,5,7.0,San Francisco,5190,3125,1900,7,1252,,Active,,,http://www.redfin.com/CA/San-Francisco/333-Diamond-St-94114/unit-333A/home/2000437,San Francisco MLS,421526441,N,Y,37.7570512,-122.4365083
MLS Listing,,Multi-Family (5+ Unit),1200 - 1202 Treat Ave,San Francisco,CA,94110,5100000,0,,San Francisco,9528,4347,1900,7,535,,Active,,,http://www.redfin.com/CA/San-Francisco/1200-Treat-Ave-94110/home/1150550,San Francisco MLS,421526424,N,Y,37.7507969,-122.4130766
MLS Listing,,Condo/Co-op,270 Valencia St #502,San Francisco,CA,94103,675000,1,1.0,San Francisco,601,,2005,7,1123,800,Active,,,http://www.redfin.com/CA/San-Francisco/270-Valencia-St-94103/unit-502/home/11743574,San Francisco MLS,421526376,N,Y,37.7685208,-122.4225934
MLS Listing,,Condo/Co-op,765 Market St Unit 30C,San Francisco,CA,94103,2495000,1,1.5,San Francisco,947,60150,2001,7,2635,2200,Active,,,http://www.redfin.com/CA/San-Francisco/765-Market-St-94103/unit-30C/home/1585989,San Francisco MLS,421524522,N,Y,37.786097,-122.4041629
MLS Listing,,Single Family Residential,1669 Alabama St,San Francisco,CA,94110,3395000,5,4.0,San Francisco,3040,2622,1900,7,1117,,Active,,,http://www.redfin.com/CA/San-Francisco/1669-Alabama-St-94110/home/1005553,San Francisco MLS,421525615,N,Y,37.746032,-122.4102915
MLS Listing,,Condo/Co-op,16 Jessie St #107,San Francisco,CA,94105,719000,2,2.0,San Francisco,953,,,7,754,574,Active,,,http://www.redfin.com/CA/San-Francisco/16-Jessie-94105/unit-107/home/39554969,San Francisco MLS,421525203,N,Y,37.7899062,-122.3989561
MLS Listing,,Single Family Residential,1931 23rd St,San Francisco,CA,94107,1498000,1,1.5,San Francisco,1648,2495,1998,7,909,,Active,,,http://www.redfin.com/CA/San-Francisco/1931-23rd-St-94107/home/737577,San Francisco MLS,421523493,N,Y,37.7545432,-122.3993173
MLS Listing,,Condo/Co-op,2310 Hyde #1,San Francisco,CA,94109,5495000,3,3.5,San Francisco,3746,5695,1976,7,1467,,Active,,,http://www.redfin.com/CA/San-Francisco/2310-Hyde-St-94109/unit-1/home/1968033,San Francisco MLS,421521468,N,Y,37.802212,-122.4193866
MLS Listing,,Condo/Co-op,601 Van Ness Ave #1108,San Francisco,CA,94102,499000,0,1.0,San Francisco,489,105806,1982,7,1020,820,Active,,,http://www.redfin.com/CA/San-Francisco/601-Van-Ness-Ave-94102/unit-1108/home/1562164,San Francisco MLS,421525714,N,Y,37.7813857,-122.4214063
MLS Listing,,Condo/Co-op,1688 Pine St Unit W408,San Francisco,CA,94109,775000,1,1.0,San Francisco,729,35482,2016,7,1063,668,Active,,,http://www.redfin.com/CA/San-Francisco/1688-Pine-St-94109/unit-W408/home/88334376,San Francisco MLS,421525847,N,Y,37.789553,-122.4232788
MLS Listing,,Condo/Co-op,3131 Pierce St #302,San Francisco,CA,94123,1095000,1,1.0,San Francisco,719,,,7,1523,888,Active,,,http://www.redfin.com/CA/San-Francisco/3131-Pierce-St-94123/unit-302/home/174645268,San Francisco MLS,421524709,N,Y,37.7989393,-122.4394875
MLS Listing,,Condo/Co-op,3131 Pierce St #403,San Francisco,CA,94123,2295000,2,2.5,San Francisco,1374,,,7,1670,1241,Active,,,http://www.redfin.com/CA/San-Francisco/3131-Pierce-St-94123/unit-403/home/174645267,San Francisco MLS,421524699,N,Y,37.7989393,-122.4394875
MLS Listing,,Condo/Co-op,3131 Pierce St #101,San Francisco,CA,94123,2495000,2,2.5,San Francisco,1731,,,7,1441,888,Active,,,http://www.redfin.com/CA/San-Francisco/3131-Pierce-St-94123/unit-101/home/174645231,San Francisco MLS,421524710,N,Y,37.7989393,-122.4394875
MLS Listing,,Condo/Co-op,3131 Pierce St #303,San Francisco,CA,94123,1695000,2,2.0,San Francisco,1200,,,7,1413,1137,Active,,,http://www.redfin.com/CA/San-Francisco/3131-Pierce-St-94123/unit-303/home/174645191,San Francisco MLS,421524706,N,Y,37.7989393,-122.4394875
MLS Listing,,Single Family Residential,370 Franconia St,San Francisco,CA,94110,1295000,3,3.0,San Francisco,1337,2350,1949,7,969,,Active,,,http://www.redfin.com/CA/San-Francisco/370-Franconia-St-94110/home/915864,San Francisco MLS,421526246,N,Y,37.7441227,-122.4081122
MLS Listing,,Condo/Co-op,640 Davis St #48,San Francisco,CA,94111,1758000,2,2.0,San Francisco,1471,,,7,1195,1394,Active,,,http://www.redfin.com/CA/San-Francisco/640-Davis-St-94111/unit-48/home/1197862,San Francisco MLS,421522621,N,Y,37.7984402,-122.3983806
MLS Listing,,Condo/Co-op,1649 Cabrillo St #1649,San Francisco,CA,94121,778000,2,2.0,San Francisco,820,2063,1922,7,949,,Active,,,http://www.redfin.com/CA/San-Francisco/1649-Cabrillo-St-94121/unit-1649/home/174643643,San Francisco MLS,421522714,N,Y,37.7746619,-122.476582
MLS Listing,,Condo/Co-op,2101 Baker St #12,San Francisco,CA,94115,925000,1,1.0,San Francisco,807,5776,1964,7,1146,486,Active,,,http://www.redfin.com/CA/San-Francisco/2101-Baker-St-94115/unit-12/home/588408,San Francisco MLS,421524712,N,Y,37.790532,-122.444561
MLS Listing,,Single Family Residential,1 Ignacio Ave,San Francisco,CA,94124,1500000,3,3.0,San Francisco,2044,7660,1941,8,734,,Active,,,http://www.redfin.com/CA/San-Francisco/1-Ignacio-Ave-94124/home/2008884,San Francisco MLS,421526049,N,Y,37.7151706,-122.3887439
MLS Listing,,Multi-Family (2-4 Unit),272 - 276 Hermann St,San Francisco,CA,94117,1995000,7,2.0,San Francisco,3750,1625,1890,8,532,,Active,,,http://www.redfin.com/CA/San-Francisco/272-Hermann-St-94117/home/174643138,San Francisco MLS,421526192,N,Y,37.770479,-122.4296425
MLS Listing,,Condo/Co-op,16 Ord Ct #1,San Francisco,CA,94114,845000,1,1.0,San Francisco,,2709,1958,8,,300,Active,,,http://www.redfin.com/CA/San-Francisco/16-Ord-Ct-94114/unit-1/home/1316293,San Francisco MLS,421525944,N,Y,37.763774,-122.4403985
MLS Listing,,Multi-Family (5+ Unit),5201-5205 Mission St,SAN FRANCISCO,CA,94112,3000000,,,SAN FRANCISCO,3667,2800,1925,8,818,,Active,,,http://www.redfin.com/CA/San-Francisco/5201-Mission-St-94112/home/1614735,MLSListings,ML81832952,N,Y,37.7150291,-122.4417815
MLS Listing,,Single Family Residential,455 Lakeshore Dr,San Francisco,CA,94132,1675000,3,2.0,San Francisco,1434,3136,1954,8,1168,,Active,,,http://www.redfin.com/CA/San-Francisco/455-Lakeshore-Dr-94132/home/836867,San Francisco MLS,421526138,N,Y,37.7329866,-122.4947721
MLS Listing,,Condo/Co-op,1360 Montgomery St Unit 11 and 12,SAN FRANCISCO,CA,94133,10995000,4,4.0,SAN FRANCISCO,2618,,1936,9,4200,2215,Active,,,http://www.redfin.com/CA/San-Francisco/1360-Montgomery-St-94133/unit-11-and-12/home/174641742,MLSListings,ML81832944,N,Y,37.8017784,-122.4044008
MLS Listing,,Single Family Residential,2538 Great Hwy,San Francisco,CA,94116,1995000,3,2.0,San Francisco,1875,2996,,9,1064,,Active,,,http://www.redfin.com/CA/San-Francisco/2538-Great-Hwy-94116/home/1905136,San Francisco MLS,421517046,N,Y,37.7390702,-122.5063285
MLS Listing,,Condo/Co-op,1001 California St #3,San Francisco,CA,94108,9900000,2,2.5,San Francisco,3474,4693,1914,9,2850,5999,Active,,,http://www.redfin.com/CA/San-Francisco/1001-California-St-94108/unit-3/home/170558195,San Francisco MLS,421515901,N,Y,37.7916283,-122.4110601
MLS Listing,,Condo/Co-op,718 Long Bridge St #500,San Francisco,CA,94158,1695000,2,2.0,San Francisco,1328,84866,2016,9,1276,1181,Active,,,http://www.redfin.com/CA/San-Francisco/718-Long-Bridge-St-94158/unit-500/home/109685811,San Francisco MLS,421526073,N,Y,37.7714717,-122.3945434
MLS Listing,,Condo/Co-op,637 Powell St #502,San Francisco,CA,94108,1365000,2,1.0,San Francisco,,,1923,9,,889,Active,,,http://www.redfin.com/CA/San-Francisco/637-Powell-St-94108/unit-502/home/1216614,San Francisco MLS,421526098,N,Y,37.7906336,-122.4091834
MLS Listing,,Condo/Co-op,577 Page St,San Francisco,CA,94117,1195000,3,1.0,San Francisco,1330,2623,1913,9,898,300,Active,,,http://www.redfin.com/CA/San-Francisco/577-Page-St-94117/home/855728,San Francisco MLS,421525898,N,Y,37.772862,-122.430121
MLS Listing,,Single Family Residential,238 Thrift St,San Francisco,CA,94112,1395000,5,4.0,San Francisco,2199,3123,1925,9,634,,Active,,,http://www.redfin.com/CA/San-Francisco/238-Thrift-St-94112/home/1902122,"bridgeMLS, Bay East AOR, or Contra Costa AOR",40940364,N,Y,37.7176149,-122.4605458
MLS Listing,,Condo/Co-op,4132 3rd St #5,San Francisco,CA,94124,988000,2,2.0,San Francisco,1314,5425,2014,9,752,720,Active,,,http://www.redfin.com/CA/San-Francisco/4132-3rd-St-94124/unit-5/home/63499201,San Francisco MLS,421525853,N,Y,37.7398859,-122.3892773
MLS Listing,,Single Family Residential,2780 Broadway,San Francisco,CA,94115,19995000,4,5.5,San Francisco,6000,3461,1962,9,3333,,Active,,,http://www.redfin.com/CA/San-Francisco/2780-Broadway-94115/home/1227830,San Francisco MLS,421525664,N,Y,37.79358,-122.442803
MLS Listing,,Single Family Residential,507 Rockdale Dr,San Francisco,CA,94127,1795000,4,2.5,San Francisco,2012,3057,1934,10,892,,Active,,,http://www.redfin.com/CA/San-Francisco/507-Rockdale-Dr-94127/home/1043191,San Francisco MLS,421525241,N,Y,37.7395188,-122.4497537
MLS Listing,,Single Family Residential,59 Manor Dr,San Francisco,CA,94127,2198000,4,3.0,San Francisco,3071,3009,1930,10,716,,Active,,,http://www.redfin.com/CA/San-Francisco/59-Manor-Dr-94127/home/1043562,San Francisco MLS,421525759,N,Y,37.7275678,-122.4647473
MLS Listing,,Townhouse,14 Jennifer Pl,San Francisco,CA,94107,1029000,2,1.0,San Francisco,1284,,2000,10,801,129,Active,,,http://www.redfin.com/CA/San-Francisco/14-Jennifer-Pl-94107/home/12396903,San Francisco MLS,511830,N,Y,37.7800298,-122.4023817
MLS Listing,,Condo/Co-op,1835 19th Ave Unit A,San Francisco,CA,94122,1195000,3,2.0,San Francisco,1483,3000,2005,10,806,,Active,,,http://www.redfin.com/CA/San-Francisco/1835-19th-Ave-94122/unit-A/home/174621826,San Francisco MLS,421525827,N,Y,37.7535413,-122.4766593
MLS Listing,,Condo/Co-op,839 Hayes St,San Francisco,CA,94117,1595000,4,1.5,San Francisco,1997,3444,,10,799,,Active,,,http://www.redfin.com/CA/San-Francisco/839-Hayes-St-94117/home/40628987,San Francisco MLS,421525790,N,Y,37.7757504,-122.4302457
MLS Listing,,Condo/Co-op,175 Bluxome St #232,SAN FRANCISCO,CA,94107,785000,2,1.0,SAN FRANCISCO,874,,1998,10,898,561,Active,,,http://www.redfin.com/CA/San-Francisco/175-Bluxome-St-94107/unit-232/home/12397921,MLSListings,ML81832790,N,Y,37.7743789,-122.3995747
MLS Listing,,Multi-Family (2-4 Unit),811 Oak St,San Francisco,CA,94117,4495000,18,10.0,San Francisco,5725,2548,1900,10,785,,Active,,,http://www.redfin.com/CA/San-Francisco/811-Oak-St-94117/home/581165,San Francisco MLS,421525864,N,Y,37.7734934,-122.4326977
MLS Listing,,Single Family Residential,1125 Rhode Island St,San Francisco,CA,94107,1559000,3,1.5,San Francisco,2190,2500,1900,10,712,,Active,,,http://www.redfin.com/CA/San-Francisco/1125-Rhode-Island-St-94107/home/1896003,San Francisco MLS,421524638,N,Y,37.7555487,-122.4014082
MLS Listing,,Condo/Co-op,2170 Harrison St #4,San Francisco,CA,94110,980000,1,1.5,San Francisco,1049,6554,1997,10,934,472,Active,,,http://www.redfin.com/CA/San-Francisco/2170-Harrison-St-94110/unit-4/home/12395664,San Francisco MLS,421525596,N,Y,37.7625481,-122.4132387
MLS Listing,,Single Family Residential,1930 Pine St,San Francisco,CA,94109,4350000,4,4.5,San Francisco,3170,2099,2014,10,1372,,Active,,,http://www.redfin.com/CA/San-Francisco/1930-Pine-St-94109/home/570037,San Francisco MLS,421522793,N,Y,37.7888742,-122.4284945
MLS Listing,,Condo/Co-op,401 Harrison St Unit 43A,San Francisco,CA,94105,1750000,2,2.0,San Francisco,1078,,2014,10,1623,1356,Active,,,http://www.redfin.com/CA/San-Francisco/401-Harrison-St-94105/unit-43A/home/144064330,San Francisco MLS,421525772,N,Y,37.7864989,-122.3921487
MLS Listing,,Condo/Co-op,1332 Chestnut St,San Francisco,CA,94123,1895000,3,2.5,San Francisco,1770,3781,1982,10,1071,727,Active,,,http://www.redfin.com/CA/San-Francisco/1332-Chestnut-St-94123/home/940746,San Francisco MLS,421525066,N,Y,37.80248,-122.425424
MLS Listing,,Condo/Co-op,207 King St #411,San Francisco,CA,94107,1539000,1,2.0,San Francisco,1461,21096,2007,10,1053,940,Active,,,http://www.redfin.com/CA/San-Francisco/207-King-St-94107/unit-411/home/12278052,San Francisco MLS,421519960,N,Y,37.7775275,-122.3916855
MLS Listing,,Single Family Residential,3259 - 3261 Clay St,San Francisco,CA,94115,8995000,6,6.5,San Francisco,6000,3681,1912,10,1499,,Active,,,http://www.redfin.com/CA/San-Francisco/3259-Clay-St-94115/home/1872257,San Francisco MLS,421522100,N,Y,37.788868,-122.4465838
MLS Listing,,Condo/Co-op,53 28th St,San Francisco,CA,94110,849000,1,1.0,San Francisco,919,2964,,10,924,,Active,,,http://www.redfin.com/CA/San-Francisco/53-28th-St-94110/home/1647556,San Francisco MLS,421525609,N,Y,37.7452705,-122.4233124
MLS Listing,,Condo/Co-op,857 Fell St,San Francisco,CA,94117,1395000,3,2.0,San Francisco,1751,3391,1917,10,797,300,Active,,,http://www.redfin.com/CA/San-Francisco/857-Fell-St-94117/home/1956928,San Francisco MLS,421523775,N,Y,37.774505,-122.431884
MLS Listing,,Single Family Residential,1400 Golden Gate Ave,San Francisco,CA,94115,2495000,4,3.5,San Francisco,3260,11243,1885,10,765,344,Active,,,http://www.redfin.com/CA/San-Francisco/1400-Golden-Gate-Ave-94115/home/1059832,San Francisco MLS,421525499,N,Y,37.7795061,-122.4337916
MLS Listing,,Multi-Family (2-4 Unit),2209 Lincoln Way,San Francisco,CA,94122,1565000,4,2.0,San Francisco,2400,2500,,10,652,,Active,,,http://www.redfin.com/CA/San-Francisco/2209-Lincoln-Way-94122/home/1927235,San Francisco MLS,421525415,N,Y,37.7649813,-122.4818012
MLS Listing,,Condo/Co-op,11 Kenneth Rexroth Pl,San Francisco,CA,94133,1280000,2,2.0,San Francisco,1035,1330,1911,10,1237,150,Active,,,http://www.redfin.com/CA/San-Francisco/11-Kenneth-Rexroth-Pl-94133/home/28935690,San Francisco MLS,421525645,N,Y,37.7982752,-122.4080257
MLS Listing,,Condo/Co-op,501 Beale St Unit 12E,San Francisco,CA,94105,799000,1,1.0,San Francisco,759,,2006,10,1053,1018,Active,,,http://www.redfin.com/CA/San-Francisco/501-Beale-St-94105/unit-12E/home/22886337,San Francisco MLS,421525339,N,Y,37.7862533,-122.3891164
MLS Listing,,Condo/Co-op,3590 20th St #507,San Francisco,CA,94110,2295000,3,3.0,San Francisco,1671,11105,2015,10,1373,665,Active,,,http://www.redfin.com/CA/San-Francisco/3590-20th-St-94110/unit-507/home/79870143,San Francisco MLS,421525306,N,Y,37.7587508,-122.4209777
MLS Listing,,Condo/Co-op,1746 Bay St,San Francisco,CA,94123,2750000,3,2.0,San Francisco,2135,,1937,10,1288,350,Active,,,http://www.redfin.com/CA/San-Francisco/1746-Bay-St-94123/home/40011597,San Francisco MLS,512037,N,Y,37.8030751,-122.4358453
MLS Listing,,Multi-Family (2-4 Unit),483 - 485 28th St,San Francisco,CA,94131,2325000,5,3.0,San Francisco,2428,2779,1955,10,958,,Active,,,http://www.redfin.com/CA/San-Francisco/483-28th-St-94131/home/1095651,San Francisco MLS,421524810,N,Y,37.7447907,-122.4331321
MLS Listing,,Condo/Co-op,54 - 56 Elizabeth St #56,San Francisco,CA,94110,745000,2,1.0,San Francisco,709,2850,1900,10,,348,Active,,,http://www.redfin.com/CA/San-Francisco/54-Elizabeth-St-94110/unit-56/home/173374834,MetroList,421525598,N,Y,37.7530439,-122.4224448
MLS Listing,,Condo/Co-op,999 Wisconsin St #8,San Francisco,CA,94107,1259000,3,2.0,San Francisco,1906,9187,1988,10,661,591,Active,,,http://www.redfin.com/CA/San-Francisco/999-Wisconsin-St-94107/unit-8/home/1370559,San Francisco MLS,421524641,N,Y,37.7549789,-122.3984038
MLS Listing,,Multi-Family (5+ Unit),1069 Capp St,San Francisco,CA,94110,1995000,5,4.0,San Francisco,3737,2777,,10,534,,Active,,,http://www.redfin.com/CA/San-Francisco/1069-Capp-St-94110/home/109464713,San Francisco MLS,421521996,N,Y,37.7496209,-122.4168042
MLS Listing,,Single Family Residential,2454 - A Bush St,San Francisco,CA,94115,2695000,2,2.0,San Francisco,,2677,1880,10,,,Active,,,http://www.redfin.com/CA/San-Francisco/2454A-Bush-St-94115/home/174615988,San Francisco MLS,506872,N,Y,37.786917,-122.437799
MLS Listing,,Condo/Co-op,1495 Valencia St #4,San Francisco,CA,94110,1795000,3,3.0,San Francisco,1441,,2009,10,1246,404,Active,,,http://www.redfin.com/CA/San-Francisco/1495-Valencia-St-94110/unit-4/home/21963281,San Francisco MLS,514620,N,Y,37.7491382,-122.4200286
MLS Listing,,Vacant Land,350 Octavia St,SAN FRANCISCO,CA,94102,3350000,,,SAN FRANCISCO,,2178,,10,,,Active,,,http://www.redfin.com/CA/San-Francisco/350-Octavia-St-94102/home/169566615,MLSListings,ML81832658,N,Y,37.775532,-122.424014
MLS Listing,,Single Family Residential,3581 Clay St,San Francisco,CA,94118,6895000,4,4.5,San Francisco,3882,,,10,1776,,Active,,,http://www.redfin.com/CA/San-Francisco/3581-Clay-St-94118/home/1117709,San Francisco MLS,421525368,N,Y,37.788258,-122.451678
MLS Listing,,Single Family Residential,50 Hopkins Ave,San Francisco,CA,94131,2495000,3,3.0,San Francisco,2098,1315,1958,10,1189,,Active,,,http://www.redfin.com/CA/San-Francisco/50-Hopkins-Ave-94131/home/679118,San Francisco MLS,421524868,N,Y,37.7531816,-122.4444901
MLS Listing,,Condo/Co-op,460 Francisco St #302,San Francisco,CA,94133,720000,1,1.0,San Francisco,585,,1982,10,1231,273,Active,,,http://www.redfin.com/CA/San-Francisco/460-Francisco-St-94133/unit-302/home/1424818,San Francisco MLS,421524393,N,Y,37.8049401,-122.4128236
MLS Listing,,Single Family Residential,1214 Bowdoin St,San Francisco,CA,94134,1049000,2,1.0,San Francisco,,1750,1951,10,,,Active,,,http://www.redfin.com/CA/San-Francisco/1214-Bowdoin-St-94134/home/1576722,San Francisco MLS,421522986,N,Y,37.7207484,-122.4085989
MLS Listing,,Condo/Co-op,425 1st St #2801,San Francisco,CA,94105,1795000,2,,San Francisco,1042,56024,2008,10,1723,1123,Active,,,http://www.redfin.com/CA/San-Francisco/425-1st-St-94105/unit-2801/home/17306457,San Francisco MLS,421522097,N,Y,37.7860625,-122.3921764
MLS Listing,,Single Family Residential,454 Greenwich St,San Francisco,CA,94133,2500000,2,2.0,San Francisco,1700,1202,1928,10,1471,,Active,,,http://www.redfin.com/CA/San-Francisco/454-Greenwich-St-94133/home/1286726,San Francisco MLS,421521719,N,Y,37.802736,-122.4072598
MLS Listing,,Condo/Co-op,250 King St #368,San Francisco,CA,94107,610000,1,1.0,San Francisco,592,213232,2004,10,1030,799,Active,,,http://www.redfin.com/CA/San-Francisco/250-King-St-94107/unit-368/home/22889188,San Francisco MLS,421520105,N,Y,37.7776422,-122.3934181
MLS Listing,,Single Family Residential,612 Arlington St,San Francisco,CA,94131,1469000,3,2.5,San Francisco,2030,1616,1938,11,724,,Active,,,http://www.redfin.com/CA/San-Francisco/612-Arlington-St-94131/home/957967,San Francisco MLS,421525500,N,Y,37.7337454,-122.4322267
MLS Listing,,Condo/Co-op,255 Red Rock Way Unit 106H,San Francisco,CA,94131,759000,1,1.0,San Francisco,744,6993,1972,11,1020,597,Active,,,http://www.redfin.com/CA/San-Francisco/255-Red-Rock-Way-94131/unit-106H/home/1843726,San Francisco MLS,421525240,N,Y,37.7455837,-122.4430524
MLS Listing,,Condo/Co-op,3535 Wawona St #515,SAN FRANCISCO,CA,94116,1334000,2,2.0,SAN FRANCISCO,991,,2020,11,1346,542,Active,,,http://www.redfin.com/CA/San-Francisco/3535-Wawona-St-94116/unit-515/home/174613404,MLSListings,ML81832603,N,Y,37.7360911,-122.5046285
MLS Listing,,Condo/Co-op,631 Folsom St Unit 15B,San Francisco,CA,94107,1298000,2,2.0,San Francisco,,,2009,11,,995,Active,,,http://www.redfin.com/CA/San-Francisco/631-Folsom-St-94107/unit-15B/home/21966085,San Francisco MLS,421525321,N,Y,37.7847302,-122.3968612
MLS Listing,,Condo/Co-op,2447 Vallejo St #1,San Francisco,CA,94123,1295000,1,1.0,San Francisco,1325,4194,1923,11,977,475,Active,,,http://www.redfin.com/CA/San-Francisco/2447-Vallejo-St-94123/unit-1/home/999092,San Francisco MLS,421525161,N,Y,37.79463,-122.4375101
MLS Listing,,Single Family Residential,1721 Cabrillo St,San Francisco,CA,94121,1199000,2,1.0,San Francisco,1018,2500,1923,11,1178,,Active,,,http://www.redfin.com/CA/San-Francisco/1721-Cabrillo-St-94121/home/1643988,San Francisco MLS,421525424,N,Y,37.7746201,-122.4773066
MLS Listing,,Condo/Co-op,88 King St #313,San Francisco,CA,94107,1299000,2,2.0,San Francisco,1363,82157,2000,11,953,1154,Active,,,http://www.redfin.com/CA/San-Francisco/88-King-St-94107/unit-313/home/1489368,San Francisco MLS,421522586,N,Y,37.7806302,-122.3896249
MLS Listing,,Single Family Residential,291 Hearst Ave,SAN FRANCISCO,CA,94131,1500000,2,1.5,SAN FRANCISCO,1525,2495,1925,11,984,,Active,,,http://www.redfin.com/CA/San-Francisco/291-Hearst-Ave-94131/home/1582200,MLSListings,ML81831062,N,Y,37.7305739,-122.4440919
MLS Listing,,Multi-Family (5+ Unit),1935 - 1943 Hayes St,San Francisco,CA,94117,4300000,2,,San Francisco,10230,7609,1926,11,420,,Active,,,http://www.redfin.com/CA/San-Francisco/1935-Hayes-St-94117/home/2012887,San Francisco MLS,421525348,N,Y,37.7735069,-122.4483604
MLS Listing,,Condo/Co-op,2 Mint Plz #307,San Francisco,CA,94103,689000,1,1.0,San Francisco,685,7776,1926,11,1006,792,Active,,,http://www.redfin.com/CA/San-Francisco/2-Mint-Plz-94103/unit-307/home/17306089,San Francisco MLS,421524328,N,Y,37.7831725,-122.407689
MLS Listing,,Single Family Residential,201 Mateo St,San Francisco,CA,94131,1895000,3,2.5,San Francisco,1404,2501,1992,11,1350,,Active,,,http://www.redfin.com/CA/San-Francisco/201-Mateo-St-94131/home/806887,San Francisco MLS,421524593,N,Y,37.7363637,-122.4288154
MLS Listing,,Condo/Co-op,263 Texas St,San Francisco,CA,94107,798000,2,1.5,San Francisco,1073,2511,1880,11,744,300,Active,,,http://www.redfin.com/CA/San-Francisco/263-Texas-St-94107/home/1015498,San Francisco MLS,421525301,N,Y,37.7631236,-122.3953011
MLS Listing,,Condo/Co-op,900 Bush #717,San Francisco,CA,94109,799000,2,2.0,San Francisco,901,,,11,887,1144,Active,,,http://www.redfin.com/CA/San-Francisco/900-Bush-St-94109/unit-717/home/2030377,San Francisco MLS,421525302,N,Y,37.7899451,-122.4127266
MLS Listing,,Single Family Residential,444 Lakeview Ave,San Francisco,CA,94112,1395000,3,2.0,San Francisco,1950,2692,1942,11,715,,Active,,,http://www.redfin.com/CA/San-Francisco/444-Lakeview-Ave-94112/home/1150922,San Francisco MLS,507307,N,Y,37.7181885,-122.4538119
MLS Listing,,Single Family Residential,2849 Steiner St,San Francisco,CA,94123,3495000,4,3.0,San Francisco,3048,2200,1907,11,1147,,Active,,,http://www.redfin.com/CA/San-Francisco/2849-Steiner-St-94123/home/564323,San Francisco MLS,512065,N,Y,37.7957119,-122.4371635
MLS Listing,,Condo/Co-op,588 Minna St #506,San Francisco,CA,94103,799000,1,1.0,San Francisco,690,8084,2021,11,1158,556,Active,,,http://www.redfin.com/CA/San-Francisco/588-Minna-94103/unit-506/home/174610411,San Francisco MLS,421525205,N,Y,37.7790369,-122.4101047
MLS Listing,,Condo/Co-op,465 10th St #306,San Francisco,CA,94103,749000,1,1.5,San Francisco,694,9600,1924,11,1079,688,Active,,,http://www.redfin.com/CA/San-Francisco/465-10th-St-94103/unit-306/home/12395619,San Francisco MLS,421523736,N,Y,37.7709523,-122.4100535
MLS Listing,,Condo/Co-op,555 Golden Gate Ave Unit 7B,San Francisco,CA,94102,988000,2,1.0,San Francisco,754,,2020,11,1310,611,Active,,,http://www.redfin.com/CA/San-Francisco/555-Golden-Gate-Ave-94102/unit-7B/home/174609866,San Francisco MLS,421524854,N,Y,37.7808655,-122.4196054
MLS Listing,,Condo/Co-op,555 Golden Gate Ave Unit 8B2,San Francisco,CA,94102,798888,1,1.0,San Francisco,664,,2020,11,1203,612,Active,,,http://www.redfin.com/CA/San-Francisco/555-Golden-Gate-Ave-94102/unit-8B2/home/174609797,San Francisco MLS,421525187,N,Y,37.7808655,-122.4196054
MLS Listing,,Condo/Co-op,25 Sierra St Unit W302,San Francisco,CA,94107,1450000,2,2.5,San Francisco,2009,48750,2006,11,722,962,Active,,,http://www.redfin.com/CA/San-Francisco/25-Sierra-St-94107/unit-W302/home/174609796,San Francisco MLS,421523767,N,Y,37.7581766,-122.3957327
MLS Listing,,Condo/Co-op,555 Golden Gate Ave Unit 2B,San Francisco,CA,94102,689000,1,1.0,San Francisco,573,,2020,11,1202,553,Active,,,http://www.redfin.com/CA/San-Francisco/555-Golden-Gate-Ave-94102/unit-2B/home/174609700,San Francisco MLS,421524838,N,Y,37.7808655,-122.4196054
MLS Listing,,Single Family Residential,96 Alpha St,San Francisco,CA,94134,1299000,4,3.5,San Francisco,2896,2208,2008,11,449,,Active,,,http://www.redfin.com/CA/San-Francisco/96-Alpha-St-94134/home/8184862,San Francisco MLS,421522278,N,Y,37.7148537,-122.403512
MLS Listing,,Condo/Co-op,2448 Lombard St Unit 4F,San Francisco,CA,94123,1798888,2,2.0,San Francisco,1136,,2020,11,1584,682,Active,,,http://www.redfin.com/CA/San-Francisco/2448-Lombard-St-94123/unit-4F/home/174609384,San Francisco MLS,421524812,N,Y,37.7993413,-122.441967
MLS Listing,,Condo/Co-op,3226 Divisadero St Unit P2,San Francisco,CA,94123,1458000,2,2.0,San Francisco,1022,,2020,11,1427,659,Active,,,http://www.redfin.com/CA/San-Francisco/3226-Divisadero-St-94123/unit-P2/home/174609230,San Francisco MLS,421524784,N,Y,37.7995602,-122.4425586
MLS Listing,,Condo/Co-op,280 Spear St Unit 4K,San Francisco,CA,94105,825000,1,1.0,San Francisco,650,43996,,11,1269,1078,Active,,,http://www.redfin.com/CA/San-Francisco/280-Spear-St-94105/unit-4K/home/170519965,San Francisco MLS,421525102,N,Y,37.7903739,-122.3913812
MLS Listing,,Single Family Residential,2968 Sloat Blvd,San Francisco,CA,94116,1728000,4,3.5,San Francisco,2393,1366,1997,11,722,,Active,,,http://www.redfin.com/CA/San-Francisco/2968-Sloat-Blvd-94116/home/1873234,San Francisco MLS,421522774,N,Y,37.7357205,-122.5058247
MLS Listing,,Single Family Residential,41 Seminole Ave,San Francisco,CA,94112,949000,2,1.0,San Francisco,1087,2186,1930,11,873,,Active,,,http://www.redfin.com/CA/San-Francisco/41-Seminole-Ave-94112/home/1615112,San Francisco MLS,421524229,N,Y,37.718807,-122.4449324
MLS Listing,,Single Family Residential,3169 Washington St,San Francisco,CA,94115,3500000,5,4.5,San Francisco,3670,3192,1900,11,954,,Active,,,http://www.redfin.com/CA/San-Francisco/3169-Washington-St-94115/home/1188897,San Francisco MLS,421524320,N,Y,37.7899821,-122.4453909
MLS Listing,,Single Family Residential,284 Wheeler Ave,San Francisco,CA,94134,1238000,3,3.0,San Francisco,2000,2966,1924,11,619,,Active,,,http://www.redfin.com/CA/San-Francisco/284-Wheeler-Ave-94134/home/1122035,San Francisco MLS,421525047,N,Y,37.7120933,-122.4001138
MLS Listing,,Multi-Family (2-4 Unit),1405 48th Ave,San Francisco,CA,94122,1795000,4,4.0,San Francisco,3016,2099,1955,11,595,,Active,,,http://www.redfin.com/CA/San-Francisco/1405-48th-Ave-94122/home/1669111,San Francisco MLS,421524209,N,Y,37.7601002,-122.5082746
MLS Listing,,Condo/Co-op,25 Sierra St Unit E202,San Francisco,CA,94107,1250000,2,2.0,San Francisco,1242,48750,2006,11,1006,811,Active,,,http://www.redfin.com/CA/San-Francisco/25-Sierra-St-94107/unit-E202/home/12402480,San Francisco MLS,421524480,N,Y,37.7581766,-122.3957327
MLS Listing,,Multi-Family (2-4 Unit),770 - 772 Capp St,San Francisco,CA,94110,1799000,6,3.0,San Francisco,2184,2450,1890,11,824,,Active,,,http://www.redfin.com/CA/San-Francisco/770-Capp-St-94110/home/1783599,San Francisco MLS,421524718,N,Y,37.7543816,-122.4178657
MLS Listing,,Multi-Family (5+ Unit),1674 Washington St,San Francisco,CA,94109,2175000,3,4.0,San Francisco,5077,2195,1911,12,428,,Active,,,http://www.redfin.com/CA/San-Francisco/1674-Washington-St-94109/home/568822,San Francisco MLS,513183,N,Y,37.7934864,-122.4208169
MLS Listing,,Condo/Co-op,2708 Greenwich St #3,San Francisco,CA,94123,2995000,3,2.5,San Francisco,1998,3700,1891,12,1499,200,Active,,,http://www.redfin.com/CA/San-Francisco/2708-Greenwich-St-94123/unit-3/home/2021009,San Francisco MLS,421525020,N,Y,37.7980581,-122.444494
MLS Listing,,Condo/Co-op,1041 Alabama St,San Francisco,CA,94115,950000,2,1.0,San Francisco,1430,2596,1900,12,664,,Active,,,http://www.redfin.com/CA/San-Francisco/1041-Alabama-St-94110/home/733529,San Francisco MLS,421524708,N,Y,37.7552097,-122.4109293
MLS Listing,,Multi-Family (2-4 Unit),948 - 950 Jackson St,San Francisco,CA,94133,2295000,10,1.0,San Francisco,4362,1459,1908,12,526,,Active,,,http://www.redfin.com/CA/San-Francisco/948-Jackson-St-94133/home/1098247,San Francisco MLS,421524560,N,Y,37.7956647,-122.4108272
MLS Listing,,Condo/Co-op,601 Van Ness Ave #1030,San Francisco,CA,94102,680000,1,1.0,San Francisco,672,105806,1982,12,1012,940,Active,,,http://www.redfin.com/CA/San-Francisco/601-Van-Ness-Ave-94102/unit-1030/home/578718,San Francisco MLS,421525009,N,Y,37.7813857,-122.4214063
MLS Listing,,Condo/Co-op,301 Mission St Unit 4E,San Francisco,CA,94105,1225000,2,2.0,San Francisco,1136,,2009,12,1078,1629,Active,,,http://www.redfin.com/CA/San-Francisco/301-Mission-St-94105/unit-4E/home/40142383,San Francisco MLS,421524906,N,Y,37.7903824,-122.3961531
MLS Listing,,Single Family Residential,588 12th Ave,SAN FRANCISCO,CA,94118,1399000,3,2.0,SAN FRANCISCO,1770,1437,1914,12,790,,Active,,,http://www.redfin.com/CA/San-Francisco/588-12th-Ave-94118/home/1692479,MLSListings,ML81832334,N,Y,37.7773068,-122.4703085
MLS Listing,,Multi-Family (2-4 Unit),1333 - 1335 42nd Ave,San Francisco,CA,94122,1495000,6,3.0,San Francisco,2925,2996,1947,12,511,,Active,,,http://www.redfin.com/CA/San-Francisco/1333-42nd-Ave-94122/home/1867048,San Francisco MLS,421524855,N,Y,37.7617772,-122.5020925
MLS Listing,,Multi-Family (2-4 Unit),1237 - 1241 Taylor St,San Francisco,CA,94108,2900000,10,6.0,San Francisco,4819,3781,1908,12,602,,Active,,,http://www.redfin.com/CA/San-Francisco/1237-Taylor-St-94108/home/548666,San Francisco MLS,421524858,N,Y,37.793939,-122.4132902
MLS Listing,,Multi-Family (2-4 Unit),4238 - 4240 21st St,San Francisco,CA,94114,3195000,6,4.0,San Francisco,3931,3032,1955,12,813,,Active,,,http://www.redfin.com/CA/San-Francisco/4238-21st-St-94114/home/675822,San Francisco MLS,508475,N,Y,37.7556417,-122.4384252
MLS Listing,,Single Family Residential,431 Joost Ave,San Francisco,CA,94127,959000,3,1.0,San Francisco,1135,2500,1947,12,845,,Active,,,http://www.redfin.com/CA/San-Francisco/431-Joost-Ave-94127/home/1928069,San Francisco MLS,513337,N,Y,37.7322109,-122.4450651
MLS Listing,,Multi-Family (2-4 Unit),359 - 361 Arlington St,San Francisco,CA,94131,1698000,0,,San Francisco,2530,1837,1900,12,671,,Active,,,http://www.redfin.com/CA/San-Francisco/359-Arlington-St-94131/home/1046150,San Francisco MLS,512385,N,Y,37.7360721,-122.4277544
MLS Listing,,Condo/Co-op,2121 Webster St #603,San Francisco,CA,94118,2998000,2,2.0,San Francisco,1360,47275,2016,12,2204,1735,Active,,,http://www.redfin.com/CA/San-Francisco/2121-Webster-St-94115/unit-603/home/113689128,San Francisco MLS,421517414,N,Y,37.7902671,-122.4331765
MLS Listing,,Condo/Co-op,1900 Sutter St #5,San Francisco,CA,94115,695000,1,1.0,San Francisco,567,9669,1980,12,1226,514,Active,,,http://www.redfin.com/CA/San-Francisco/1900-Sutter-St-94115/unit-5/home/174603823,San Francisco MLS,421524825,N,Y,37.786447,-122.431999
MLS Listing,,Condo/Co-op,60 Rausch St #307,San Francisco,CA,94103,1099000,2,2.0,San Francisco,1358,16836,2002,12,809,584,Active,,,http://www.redfin.com/CA/San-Francisco/60-Rausch-St-94103/unit-307/home/12398677,San Francisco MLS,421523989,N,Y,37.7761258,-122.4096776
MLS Listing,,Condo/Co-op,1770 Pacific Ave #303,San Francisco,CA,94109,1549000,2,2.0,San Francisco,1500,8108,1902,12,1033,758,Active,,,http://www.redfin.com/CA/San-Francisco/1770-Pacific-Ave-94109/unit-303/home/1594548,San Francisco MLS,421523450,N,Y,37.7949269,-122.4245083
MLS Listing,,Vacant Land,8 Orizaba Ave,SAN FRANCISCO,CA,94112,498000,,,SAN FRANCISCO,,2495,,12,,,Active,,,http://www.redfin.com/CA/San-Francisco/8-Orizaba-Ave-94112/unit-V/home/110066947,MLSListings,ML81832245,N,Y,37.7098256,-122.4622799
MLS Listing,,Condo/Co-op,101 Lombard St Unit 114W,San Francisco,CA,94111,950000,1,1.0,San Francisco,1062,113438,1983,12,895,1069,Active,,,http://www.redfin.com/CA/San-Francisco/101-Lombard-St-94111/unit-114W/home/1625953,San Francisco MLS,513811,N,Y,37.8037119,-122.4045338
MLS Listing,,Single Family Residential,401 Marietta Dr,San Francisco,CA,94127,1799000,5,2.5,San Francisco,2800,3972,,12,643,,Active,,,http://www.redfin.com/CA/San-Francisco/401-Marietta-Dr-94127/home/689620,San Francisco MLS,421521813,N,Y,37.737961,-122.4437127
MLS Listing,,Condo/Co-op,1905 Laguna St #305,San Francisco,CA,94115,1080000,1,1.0,San Francisco,768,6250,1924,12,1406,655,Active,,,http://www.redfin.com/CA/San-Francisco/1905-Laguna-St-94115/unit-305/home/1312913,San Francisco MLS,421519317,N,Y,37.7887184,-122.4290363
MLS Listing,,Single Family Residential,4258 26th St,San Francisco,CA,94131,6500000,5,4.5,Noe Valley,3980,2964,1890,12,1633,,Active,,,http://www.redfin.com/CA/San-Francisco/4258-26th-St-94131/home/2025296,"bridgeMLS, Bay East AOR, or Contra Costa AOR",40939817,N,Y,37.7482178,-122.4351562
MLS Listing,,Single Family Residential,815 Peru Ave,San Francisco,CA,94112,1050000,2,1.0,San Francisco,,2374,1950,12,,,Active,,,http://www.redfin.com/CA/San-Francisco/815-Peru-Ave-94112/home/1849810,San Francisco MLS,421524317,N,Y,37.7248954,-122.4229713
MLS Listing,,Condo/Co-op,1177 California St #1207,San Francisco,CA,94109,1299000,2,2.0,San Francisco,1059,,1978,12,1227,1350,Active,,,http://www.redfin.com/CA/San-Francisco/1177-California-St-94108/unit-1207/home/989297,San Francisco MLS,421524622,N,Y,37.7910262,-122.4136476
MLS Listing,,Condo/Co-op,181 Ofarrell St #513,San Francisco,CA,94102,2395000,3,2.0,San Francisco,2516,18882,2006,12,952,,Active,,,http://www.redfin.com/CA/San-Francisco/181-O-Farrell-St-94102/unit-513/home/17306929,San Francisco MLS,421516220,N,Y,37.7861884,-122.4076329
MLS Listing,,Single Family Residential,27 Boardman Pl,San Francisco,CA,94103,1895000,4,2.0,San Francisco,2878,2953,1936,12,658,,Active,,,http://www.redfin.com/CA/San-Francisco/27-Boardman-Pl-94103/home/727003,San Francisco MLS,421524274,N,Y,37.774915,-122.402951
MLS Listing,,Single Family Residential,2278 14th Ave,San Francisco,CA,94116,2185000,5,5.5,San Francisco,2388,3000,1933,12,915,,Active,,,http://www.redfin.com/CA/San-Francisco/2278-14th-Ave-94116/home/2036613,San Francisco MLS,421524226,N,Y,37.7456031,-122.4701521
MLS Listing,,Condo/Co-op,1300 22nd St #401,San Francisco,CA,94107,1475000,2,,San Francisco,969,32000,2016,12,1522,754,Active,,,http://www.redfin.com/CA/San-Francisco/1300-22nd-St-94107/unit-401/home/167315288,San Francisco MLS,421523727,N,Y,37.7578379,-122.3944714
MLS Listing,,Condo/Co-op,69 Summit Way,San Francisco,CA,94132,1395000,3,2.5,San Francisco,2133,1306,,12,654,314,Active,,,http://www.redfin.com/CA/San-Francisco/69-Summit-Way-94132/home/109315227,San Francisco MLS,421521048,N,Y,37.7148938,-122.4748004
MLS Listing,,Condo/Co-op,5853 Mission St #4,San Francisco,CA,94112,628000,2,1.0,San Francisco,805,9825,1980,12,780,380,Active,,,http://www.redfin.com/CA/San-Francisco/5853-Mission-St-94112/unit-4/home/2028084,San Francisco MLS,421524600,N,Y,37.7088126,-122.451422
MLS Listing,,Single Family Residential,431 San Miguel St,San Francisco,CA,94112,899000,2,1.0,San Francisco,1500,2130,1946,13,599,,Active,,,http://www.redfin.com/CA/San-Francisco/431-San-Miguel-St-94112/home/822406,San Francisco MLS,421524499,N,Y,37.7182123,-122.4492561
MLS Listing,,Condo/Co-op,2655 Bush St #306,San Francisco,CA,94115,1495000,2,2.0,San Francisco,1311,33520,2017,13,1140,879,Active,,,http://www.redfin.com/CA/San-Francisco/2655-Bush-St-94115/unit-306/home/113432553,San Francisco MLS,421523870,N,Y,37.7858213,-122.4407699
MLS Listing,,Single Family Residential,55 La Grande Ave,San Francisco,CA,94112,1377700,4,4.0,San Francisco,1931,2620,1991,13,713,,Active,,,http://www.redfin.com/CA/San-Francisco/55-La-Grande-Ave-94112/home/1176847,San Francisco MLS,421524491,N,Y,37.724412,-122.423709
MLS Listing,,Condo/Co-op,611 Washington #2402,San Francisco,CA,94111,3998000,2,2.5,San Francisco,2624,,1984,13,1524,2020,Active,,,http://www.redfin.com/CA/San-Francisco/611-Washington-St-94111/unit-2402/home/546587,San Francisco MLS,421524316,N,Y,37.7952121,-122.4036474
MLS Listing,,Condo/Co-op,181 Fremont Unit 67C,San Francisco,CA,94105,5400000,2,2.5,San Francisco,1748,,2018,13,3089,2863,Active,,,http://www.redfin.com/CA/San-Francisco/181-Fremont-St-94105/unit-67C/home/167299508,San Francisco MLS,421524395,N,Y,37.7898082,-122.3953565
MLS Listing,,Single Family Residential,1412 Diamond St,San Francisco,CA,94131,2795000,3,3.5,San Francisco,2215,1245,1922,13,1262,,Active,,,http://www.redfin.com/CA/San-Francisco/1412-Diamond-St-94131/home/1901822,San Francisco MLS,421524073,N,Y,37.7460877,-122.4359954
MLS Listing,,Condo/Co-op,1029 Treat Ave,San Francisco,CA,94110,1750000,3,1.5,San Francisco,1721,,1903,13,1017,369,Active,,,http://www.redfin.com/CA/San-Francisco/1029-Treat-Ave-94110/home/148061353,San Francisco MLS,421524355,N,Y,37.7536443,-122.4129901
MLS Listing,,Condo/Co-op,1818 Broadway St #201,San Francisco,CA,94109,749000,1,1.0,San Francisco,625,7740,1969,13,1198,531,Active,,,http://www.redfin.com/CA/San-Francisco/1818-Broadway-94109/unit-201/home/565141,San Francisco MLS,421523499,N,Y,37.7955152,-122.4276483
MLS Listing,,Condo/Co-op,1540 Ofarrell St #6,San Francisco,CA,94115,689000,3,2.0,San Francisco,1050,,,13,656,959,Active,,,http://www.redfin.com/CA/San-Francisco/1540-O-Farrell-St-94115/unit-6/home/12401607,San Francisco MLS,421524326,N,Y,37.784068,-122.4301069
MLS Listing,,Vacant Land,1055 Texas St,San Francisco,CA,94107,2600000,0,,San Francisco,,4990,,13,,,Active,,,http://www.redfin.com/CA/San-Francisco/1055-Texas-St-94107/home/174587133,San Francisco MLS,421523386,N,Y,37.7529232,-122.394631
MLS Listing,,Single Family Residential,2950 Pacific Ave,San Francisco,CA,94115,29500000,8,13.0,San Francisco,20000,12209,1907,13,1475,,Active,,,http://www.redfin.com/CA/San-Francisco/2950-Pacific-Ave-94115/home/1635178,San Francisco MLS,509969,N,Y,37.7927708,-122.444291
MLS Listing,,Condo/Co-op,2401 45th Ave #3,San Francisco,CA,94116,799000,2,1.0,San Francisco,900,2996,1943,13,888,,Active,,,http://www.redfin.com/CA/San-Francisco/2401-45th-Ave-94116/unit-3/home/173255131,San Francisco MLS,421524318,N,Y,37.7416604,-122.5037261
MLS Listing,,Single Family Residential,887 35th Ave,San Francisco,CA,94121,2749000,4,4.5,San Francisco,2847,2191,1924,13,966,,Active,,,http://www.redfin.com/CA/San-Francisco/887-35th-Ave-94121/home/1332925,San Francisco MLS,421523759,N,Y,37.77235,-122.49517
MLS Listing,,Condo/Co-op,2114 Divisadero St,San Francisco,CA,94115,1945000,2,2.0,San Francisco,1438,2035,1898,13,1353,165,Active,,,http://www.redfin.com/CA/San-Francisco/2114-Divisadero-St-94115/home/584398,San Francisco MLS,421520439,N,Y,37.7894982,-122.4405144
MLS Listing,,Condo/Co-op,83 Mcallister St #507,San Francisco,CA,94102,685000,2,1.0,San Francisco,,7498,2007,13,,495,Active,,,http://www.redfin.com/CA/San-Francisco/83-McAllister-St-94102/unit-507/home/28938725,San Francisco MLS,421523019,N,Y,37.7806999,-122.4132699
MLS Listing,,Multi-Family (2-4 Unit),3460 - 3462 22nd St,San Francisco,CA,94110,2345000,4,,San Francisco,2260,1529,1875,14,1038,,Active,,,http://www.redfin.com/CA/San-Francisco/3460-22nd-St-94110/home/1922279,San Francisco MLS,421524061,N,Y,37.7552009,-122.4247035
MLS Listing,,Single Family Residential,199 Marina Blvd #1,SAN FRANCISCO,CA,94123,4999888,4,3.0,SAN FRANCISCO,2897,3242,1937,14,1726,,Active,,,http://www.redfin.com/CA/San-Francisco/199-Marina-Blvd-94123/unit-1/home/557775,MLSListings,ML81827195,N,Y,37.8057329,-122.4353596
MLS Listing,,Single Family Residential,2070 Pine St,San Francisco,CA,94115,5970000,5,3.5,San Francisco,4400,2347,1900,14,1357,,Active,,,http://www.redfin.com/CA/San-Francisco/2070-Pine-St-94115/home/148080103,San Francisco MLS,421521921,N,Y,37.7886683,-122.4299988
MLS Listing,,Multi-Family (5+ Unit),3984 - 3988 Cesar Chavez St,San Francisco,CA,94131,1795000,4,4.0,San Francisco,2820,3420,1900,14,637,,Active,,,http://www.redfin.com/CA/San-Francisco/3984-Cesar-Chavez-94131/home/1614918,San Francisco MLS,421523335,N,Y,37.7478299,-122.4289228
MLS Listing,,Condo/Co-op,401 Harrison St Unit 12H,San Francisco,CA,94105,949000,1,1.0,San Francisco,759,56023,2014,14,1250,1225,Active,,,http://www.redfin.com/CA/San-Francisco/401-Harrison-St-94105/unit-12H/home/144064190,San Francisco MLS,421524062,N,Y,37.7864989,-122.3921487
MLS Listing,,Condo/Co-op,227 Guerrero St,San Francisco,CA,94103,985000,2,1.0,San Francisco,,3287,1906,14,,350,Active,,,http://www.redfin.com/CA/San-Francisco/227-Guerrero-St-94103/home/144063790,San Francisco MLS,421523764,N,Y,37.7676042,-122.4242396
MLS Listing,,Multi-Family (2-4 Unit),457 - 459 Green St,San Francisco,CA,94133,2800000,6,4.0,San Francisco,2920,1742,1906,14,959,,Active,,,http://www.redfin.com/CA/San-Francisco/457-Green-St-94133/home/1019437,San Francisco MLS,421523033,N,Y,37.7995869,-122.4066547
MLS Listing,,Condo/Co-op,333 Beale St Unit 8F,San Francisco,CA,94105,1280000,1,1.0,San Francisco,920,75406,2015,14,1391,1200,Active,,,http://www.redfin.com/CA/San-Francisco/333-Beale-St-94105/unit-8F/home/109684910,San Francisco MLS,421522643,N,Y,37.7884937,-122.3918797
MLS Listing,,Multi-Family (5+ Unit),1633 - 1639 Taraval St,San Francisco,CA,94116,3690000,11,9.0,San Francisco,7990,4996,1991,14,462,,Active,,,http://www.redfin.com/CA/San-Francisco/1633-Taraval-St-94116/home/174573447,San Francisco MLS,421524080,N,Y,37.74242,-122.4837614
MLS Listing,,Condo/Co-op,239 8th St #4,San Francisco,CA,94102,899000,1,2.0,San Francisco,1081,7429,2003,14,832,653,Active,,,http://www.redfin.com/CA/San-Francisco/239-8th-St-94103/unit-4/home/12398787,San Francisco MLS,421523990,N,Y,37.7759746,-122.4107722
MLS Listing,,Single Family Residential,44 Bonview St,SAN FRANCISCO,CA,94110,1599950,4,2.0,SAN FRANCISCO,1610,1750,1971,14,994,,Active,,,http://www.redfin.com/CA/San-Francisco/44-Bonview-St-94110/home/1912080,MLSListings,ML81831910,N,Y,37.7441326,-122.4163202
MLS Listing,,Condo/Co-op,818 Van Ness Ave #804,San Francisco,CA,94109,998000,1,1.5,San Francisco,895,,2008,14,1115,686,Active,,,http://www.redfin.com/CA/San-Francisco/818-Van-Ness-Ave-94109/unit-804/home/39591605,"bridgeMLS, Bay East AOR, or Contra Costa AOR",40939550,N,Y,37.7832423,-122.4204784
MLS Listing,,Multi-Family (2-4 Unit),1748 La Salle Ave,San Francisco,CA,94124,1150000,,,San Francisco,,1000,,14,,,Active,,,http://www.redfin.com/CA/San-Francisco/1748-La-Salle-Ave-94124/home/174570502,"bridgeMLS, Bay East AOR, or Contra Costa AOR",40939531,N,Y,37.7382119,-122.3913352
MLS Listing,,Condo/Co-op,2103 18th St,San Francisco,CA,94107,2995000,3,2.5,San Francisco,2570,,2008,14,1165,350,Active,,,http://www.redfin.com/CA/San-Francisco/2103-18th-St-94107/home/40457025,San Francisco MLS,421518147,N,Y,37.7620117,-122.4034669
MLS Listing,,Condo/Co-op,333 1st St #303,San Francisco,CA,94105,875000,1,,San Francisco,713,38571,2004,14,1227,854,Active,,,http://www.redfin.com/CA/San-Francisco/333-1st-St-94105/unit-303/home/12352945,San Francisco MLS,421523835,N,Y,37.7872383,-122.3940289
MLS Listing,,Condo/Co-op,355 1st St Unit S1905,San Francisco,CA,94105,899000,1,1.0,San Francisco,691,38571,2004,14,1301,839,Active,,,http://www.redfin.com/CA/San-Francisco/355-1st-St-94105/unit-S1905/home/2030056,San Francisco MLS,421523761,N,Y,37.7870311,-122.3936421
MLS Listing,,Condo/Co-op,435 China Basin St #113,San Francisco,CA,94158,975000,1,1.0,San Francisco,886,122891,2012,14,1100,816,Active,,,http://www.redfin.com/CA/San-Francisco/435-China-Basin-St-94158/unit-113/home/40629259,San Francisco MLS,421523289,N,Y,37.7715936,-122.3885893
MLS Listing,,Condo/Co-op,711 Corbett,San Francisco,CA,94131,1995000,2,2.0,San Francisco,,2578,,14,,376,Active,,,http://www.redfin.com/CA/San-Francisco/711-Corbett-Ave-94131/home/1604432,San Francisco MLS,421516169,N,Y,37.7554586,-122.4425063
MLS Listing,,Condo/Co-op,355 1st St Unit S710,San Francisco,CA,94105,798000,1,1.0,San Francisco,675,,2004,14,1182,839,Active,,,http://www.redfin.com/CA/San-Francisco/355-1st-St-94105/unit-S710/home/1902498,San Francisco MLS,512463,N,Y,37.7870311,-122.3936421
MLS Listing,,Condo/Co-op,1925 Gough St #11,San Francisco,CA,94109,2595000,3,2.0,San Francisco,1968,,1908,14,1319,1666,Active,,,http://www.redfin.com/CA/San-Francisco/1925-Gough-St-94109/unit-11/home/12400557,San Francisco MLS,511632,N,Y,37.7914425,-122.4262781
MLS Listing,,Single Family Residential,,Other,OT,00000,150000,2,1.0,,900,5000,1969,15,167,,Active,,,http://www.redfin.com/OT/Other/Undisclosed-address-Unknown/home/174566767,BNYMLS,448709,N,Y,37.7911148,-122.4021273
MLS Listing,,Condo/Co-op,401 Harrison St Unit 42D,San Francisco,CA,94105,3750000,3,3.0,San Francisco,1949,,2014,15,1924,1581,Active,,,http://www.redfin.com/CA/San-Francisco/401-Harrison-St-94105/unit-42D/home/144064329,San Francisco MLS,504667,N,Y,37.7864989,-122.3921487
MLS Listing,,Condo/Co-op,175 Bluxome St #220,San Francisco,CA,94107,810000,2,1.0,San Francisco,,,1998,15,,561,Active,,,http://www.redfin.com/CA/San-Francisco/175-Bluxome-St-94107/unit-220/home/12397934,San Francisco MLS,421523755,N,Y,37.7743789,-122.3995747
MLS Listing,,Condo/Co-op,400 Bristol Ct #504,SAN FRANCISCO,CA,94130,3150000,3,3.5,SAN FRANCISCO,1863,,2021,15,1691,1419,Active,,,http://www.redfin.com/CA/San-Francisco/400-Bristol-CT-94130/unit-504/home/174566204,MLSListings,ML81831788,N,Y,37.811521,-122.36435
MLS Listing,,Single Family Residential,305 Filbert St,San Francisco,CA,94133,3995000,2,2.5,San Francisco,1968,1263,1900,15,2030,,Active,,,http://www.redfin.com/CA/San-Francisco/305-Filbert-St-94133/home/540006,San Francisco MLS,501527,N,Y,37.8017871,-122.4049468
MLS Listing,,Condo/Co-op,290 Meadow Dr #2,SAN FRANCISCO,CA,94130,3946000,3,2.5,SAN FRANCISCO,2510,2500,2021,16,1572,1279,Active,,,http://www.redfin.com/CA/San-Francisco/290-Meadow-DR-94130/unit-2/home/174565126,MLSListings,ML81831779,N,Y,37.81084,-122.365672
MLS Listing,,Townhouse,190 Signal Rd #3,SAN FRANCISCO,CA,94130,5134000,3,4.5,SAN FRANCISCO,3321,2000,2021,16,1546,1226,Active,,,http://www.redfin.com/CA/San-Francisco/190-Signal-Rd-94130/unit-3/home/174565045,MLSListings,ML81831776,N,Y,37.809891,-122.365807
MLS Listing,,Townhouse,310 Meadow Dr #7,SAN FRANCISCO,CA,94130,3541000,2,2.5,SAN FRANCISCO,2477,1500,2021,16,1430,1175,Active,,,http://www.redfin.com/CA/San-Francisco/310-Meadow-DR-94130/unit-7/home/174564616,MLSListings,ML81831770,N,Y,37.811427,-122.364498
MLS Listing,,Townhouse,300 Meadow Dr #4,SAN FRANCISCO,CA,94130,3147000,3,3.0,SAN FRANCISCO,2278,1500,2021,16,1381,1162,Active,,,http://www.redfin.com/CA/San-Francisco/300-Meadow-DR-94130/unit-4/home/174564447,MLSListings,ML81831767,N,Y,37.811483,-122.364513
MLS Listing,,Condo/Co-op,400 Bristol Ct #323,SAN FRANCISCO,CA,94130,1152000,1,1.0,SAN FRANCISCO,965,,2021,16,1194,1316,Active,,,http://www.redfin.com/CA/San-Francisco/400-Bristol-CT-94130/unit-323/home/174564151,MLSListings,ML81831764,N,Y,37.812792,-122.364155
MLS Listing,,Vacant Land,5059P Mission St,SAN FRANCISCO,CA,94112,1500000,,,SAN FRANCISCO,,2087,,16,,,Active,,,http://www.redfin.com/CA/San-Francisco/5059P-Mission-St-94112/home/174563325,MLSListings,ML81831743,N,Y,37.717544,-122.4398652
MLS Listing,,Condo/Co-op,1688 Pine St Unit W906,San Francisco,CA,94109,918888,1,1.0,San Francisco,689,,2016,16,1334,689,Active,,,http://www.redfin.com/CA/San-Francisco/1688-Pine-St-94109/unit-W906/home/144063574,"bridgeMLS, Bay East AOR, or Contra Costa AOR",40937964,N,Y,37.789553,-122.4232788
MLS Listing,,Multi-Family (2-4 Unit),1795 - 1797 Oakdale Ave,San Francisco,CA,94124,1788000,5,5.0,San Francisco,2856,2491,1900,16,626,,Active,,,http://www.redfin.com/CA/San-Francisco/1795-Oakdale-Ave-94124/home/22893326,San Francisco MLS,421523682,N,Y,37.7365496,-122.3940775
MLS Listing,,Condo/Co-op,750 Van Ness Ave #1101,San Francisco,CA,94102,515000,0,1.0,San Francisco,400,15582,2008,16,1288,555,Active,,,http://www.redfin.com/CA/San-Francisco/750-Van-Ness-Ave-94102/unit-1101/home/17305154,San Francisco MLS,421523017,N,Y,37.7823788,-122.4201632
